110004,"4"
110005,"4"
110006,"4"
110007,"4"
110001,"4"
110002,"5"
110003,"5"
420026,"3"
220090,"4"
670071,"4"
110008,"5"
420023,"4"
420020,"5"
450788,"4"
330104,"5"
330107,"4"
330106,"4"
140148,"4"
330100,"NotAvailable"
330103,"4"
330102,"4"
450780,"NotAvailable"
140145,"4"
140147,"4"
330108,"3"
140143,"3"
501302,"NotAvailable"
11031F,"4"
520027,"4"
491302,"2"
39006F,"5"
170200,"3"
030007,"4"
030006,"4"
030001,"4"
010131,"3"
010130,"3"
100166,"3"
100167,"3"
45074F,"4"
010139,"4"
010138,"NotAvailable"
241326,"NotAvailable"
241327,"2"
150172,"NotAvailable"
150173,"3"
241322,"4"
150175,"4"
150176,"4"
150177,"NotAvailable"
150179,"NotAvailable"
240106,"5"
240101,"3"
240100,"4"
247 - PERC CARDIOVASC PROC W DRUG-ELUTING STENT W/O MCC,"{'370234': '10105.22', '10056': '10128.86', '390268': '10070.36', '510033': '10006.54', '510024': '10038.53', '150175': '10107.52'}"
241329,"5"
141301,"4"
141300,"4"
141303,"3"
141302,"2"
141305,"3"
141304,"4"
141307,"4"
141306,"4"
141309,"3"
340109,"4"
440185,"5"
450656,"5"
161372,"4"
450654,"4"
400079,"4"
178 - RESPIRATORY INFECTIONS & INFLAMMATIONS W CC,"{'220070': '10020.81', '330273': '10016.06', '450193': '10024.71', '450659': '10020.64', '500019': '10026.50', '190041': '10026.43'}"
450133,"3"
161370,"4"
450658,"2"
440182,"4"
250096,"4"
161371,"2"
520063,"4"
140093,"5"
140091,"4"
250094,"4"
140095,"3"
050089,"3"
250095,"4"
050082,"3"
430077,"2"
43002F,"3"
050084,"5"
240038,"3"
410009,"4"
410008,"4"
490120,"3"
050248,"4"
490122,"4"
490123,"4"
050245,"5"
240030,"3"
378 - G.I. HEMORRHAGE W CC,"{'220017': '10033.78', '260105': '10019.32', '330002': '10012.64', '340030': '10011.10', '390174': '10028.34', '190098': '10028.19'}"
490059,"4"
410007,"3"
410006,"3"
050243,"4"
050242,"4"
520059,"3"
312 - SYNCOPE & COLLAPSE,"{'330199': '10259.32', '210013': '10308.80', '50228': '10231.90', '330080': '10429.28', '330127': '10129.36', '330202': '10375.04'}"
670058,"NotAvailable"
100017,"5"
100014,"4"
100012,"3"
44018F,"5"
500150,"4"
100018,"3"
100019,"4"
410010,"NotAvailable"
260186,"3"
190020,"5"
190026,"4"
190027,"4"
460014,"3"
190025,"4"
064 - INTRACRANIAL HEMORRHAGE OR CEREBRAL INFARCTION W MCC,"{'450042': '10026.78', '150033': '10024.59', '490059': '10025.77', '260077': '10003.85', '340171': '10017.64', '100046': '10027.15'}"
500141,"5"
371323,"4"
670084,"NotAvailable"
281304,"4"
281305,"3"
281306,"NotAvailable"
220001,"4"
281300,"NotAvailable"
281301,"4"
281302,"5"
281303,"NotAvailable"
281308,"3"
281309,"5"
370093,"4"
310028,"3"
310029,"3"
310021,"4"
310022,"4"
310024,"5"
310025,"5"
24003F,"2"
440001,"3"
230176,"4"
271320,"4"
530002,"4"
451374,"3"
450610,"2"
050663,"3"
451302,"5"
451301,"NotAvailable"
050660,"NotAvailable"
260077,"5"
520019,"4"
451305,"2"
260074,"3"
271325,"3"
451309,"NotAvailable"
050668,"3"
520011,"3"
313 - CHEST PAIN,"{'370234': '2728.70', '510023': '2707.88', '510033': '2708.00', '360359': '2673.00', '670071': '2731.00', '10100': '2682.64'}"
041311,"5"
041310,"4"
041313,"4"
041312,"3"
041314,"5"
041317,"5"
041316,"4"
041319,"5"
041318,"4"
490007,"4"
271326,"4"
050069,"4"
450713,"5"
160008,"4"
100168,"2"
390137,"4"
030002,"3"
380102,"3"
290009,"5"
290008,"4"
290001,"4"
390132,"4"
290003,"5"
190151,"5"
290005,"4"
390195,"3"
290007,"4"
290006,"5"
040132,"NotAvailable"
389 - G.I. OBSTRUCTION W CC,"{'50737': '10054.37', '220086': '10110.60', '50305': '10082.75', '140088': '10181.08', '230104': '10085.96', '50194': '10172.76'}"
390324,"NotAvailable"
040137,"3"
040134,"4"
44016F,"3"
371331,"3"
371330,"3"
371333,"2"
371332,"5"
371335,"4"
371334,"3"
440012,"4"
390037,"5"
280129,"NotAvailable"
190090,"4"
220163,"4"
400032,"4"
380075,"4"
450007,"3"
450005,"4"
100161,"4"
280127,"NotAvailable"
450002,"3"
280125,"3"
440227,"5"
450188,"4"
451370,"4"
450155,"3"
243302,"NotAvailable"
400104,"NotAvailable"
451363,"5"
021313,"5"
021312,"NotAvailable"
021311,"3"
390032,"4"
390065,"4"
390066,"5"
050471,"3"
390031,"5"
390062,"3"
260094,"2"
360276,"4"
42011F,"4"
360274,"NotAvailable"
170104,"4"
390068,"3"
440141,"4"
360270,"3"
241323,"5"
171302,"NotAvailable"
390267,"3"
171300,"NotAvailable"
171301,"NotAvailable"
171306,"NotAvailable"
171307,"3"
171304,"2"
440147,"NotAvailable"
171308,"2"
241321,"NotAvailable"
36001F,"4"
390268,"4"
160079,"3"
450669,"5"
280013,"5"
240104,"4"
040047,"5"
040042,"4"
040041,"5"
370008,"4"
521312,"5"
370001,"5"
370002,"4"
370004,"3"
370006,"4"
370007,"3"
330049,"3"
530033,"4"
360019,"5"
241328,"2"
360012,"5"
360013,"4"
360010,"4"
330043,"3"
160122,"4"
330045,"4"
330046,"5"
330047,"3"
510024,"4"
170146,"4"
170145,"3"
361309,"4"
170142,"5"
450475,"4"
050506,"5"
050502,"2"
050503,"3"
420049,"4"
370138,"4"
370139,"5"
390117,"3"
340106,"5"
171352,"4"
050045,"5"
340107,"5"
111300,"NotAvailable"
060118,"NotAvailable"
111303,"2"
01014F,"3"
111305,"4"
111306,"3"
060112,"2"
060113,"3"
060116,"4"
060117,"NotAvailable"
060114,"2"
360125,"3"
360123,"3"
360121,"3"
173300,"NotAvailable"
450865,"2"
450827,"3"
261309,"3"
450820,"2"
420101,"5"
283301,"NotAvailable"
521343,"4"
521342,"4"
521341,"3"
431311,"2"
521347,"4"
521346,"4"
33013F,"NotAvailable"
521344,"3"
521349,"3"
521348,"4"
39013F,"4"
520136,"3"
27003F,"3"
450797,"NotAvailable"
060027,"3"
060024,"3"
110010,"3"
060022,"2"
060023,"4"
110015,"2"
420009,"4"
520057,"3"
420037,"3"
110018,"4"
420030,"4"
060028,"4"
010090,"4"
010091,"3"
010092,"4"
140158,"4"
010095,"3"
330136,"3"
010097,"4"
010099,"5"
140151,"5"
140150,"4"
140155,"4"
450653,"5"
460004,"3"
33015F,"3"
640 - MISC DISORDERS OF NUTRITION,"{'METABOLISM': 'FLUIDS/ELECTROLYTES W MCC'}"
10057F,"4"
450651,"5"
670082,"NotAvailable"
030030,"4"
110125,"3"
030033,"3"
010146,"5"
110122,"5"
010144,"4"
030037,"4"
100175,"5"
010148,"4"
010149,"3"
500151,"3"
100173,"4"
110128,"4"
241335,"5"
241334,"3"
241337,"4"
241336,"2"
241331,"2"
241330,"2"
150169,"5"
150168,"NotAvailable"
150167,"NotAvailable"
150166,"4"
150165,"3"
150164,"4"
150163,"5"
150162,"3"
150161,"3"
150160,"NotAvailable"
340113,"4"
290020,"NotAvailable"
141338,"4"
141339,"3"
340116,"3"
141334,"4"
141335,"5"
141336,"4"
141337,"4"
141330,"4"
141331,"4"
141332,"4"
141333,"4"
450644,"3"
450647,"3"
450661,"4"
450641,"3"
450643,"4"
370023,"3"
05027F,"4"
140089,"3"
140088,"4"
309 - CARDIAC ARRHYTHMIA & CONDUCTION DISORDERS W CC,"{'330027': '10096.52', '330024': '10104.02', '100125': '10131.00', '220031': '10146.49', '390027': '10094.96', '50599': '10138.87'}"
51002F,"4"
140080,"4"
140083,"3"
140082,"3"
140084,"4"
360011,"4"
240004,"4"
240006,"3"
240001,"4"
240002,"4"
510029,"5"
191326,"2"
490042,"5"
191324,"4"
191325,"4"
191322,"5"
191323,"3"
191320,"3"
14008F,"3"
050278,"3"
050279,"4"
290022,"5"
041307,"4"
490136,"5"
490134,"NotAvailable"
500079,"5"
050272,"5"
360016,"4"
450563,"3"
050276,"4"
050277,"4"
131307,"2"
131304,"NotAvailable"
131305,"3"
131302,"2"
131303,"NotAvailable"
131301,"3"
11030F,"5"
440035,"5"
131308,"NotAvailable"
290021,"5"
100007,"4"
100006,"4"
100001,"4"
100002,"3"
460001,"4"
440033,"4"
360017,"4"
22009F,"NotAvailable"
100009,"4"
100008,"3"
440032,"3"
050180,"2"
390162,"4"
190034,"5"
190036,"5"
190039,"4"
050189,"3"
520113,"3"
281313,"2"
281312,"NotAvailable"
281311,"NotAvailable"
281310,"NotAvailable"
281317,"NotAvailable"
281316,"2"
281315,"4"
281314,"4"
281319,"3"
281318,"2"
310039,"5"
310038,"4"
450497,"4"
379 - G.I. HEMORRHAGE W/O CC/MCC,"{'330399': '10389.31', '330240': '10187.09', '50228': '10439.71', '340030': '10303.13', '210009': '11959.71', '330202': '10054.67'}"
450498,"3"
33017F,"5"
460003,"3"
260078,"4"
270057,"2"
440059,"3"
270051,"2"
370049,"4"
520196,"NotAvailable"
451350,"2"
160089,"4"
450709,"5"
160083,"3"
160082,"3"
160080,"3"
361305,"5"
520009,"4"
260023,"3"
440159,"5"
050696,"4"
050697,"NotAvailable"
440156,"3"
260085,"4"
440150,"4"
440151,"4"
050690,"NotAvailable"
260081,"4"
260141,"5"
670029,"NotAvailable"
041328,"5"
050055,"3"
050056,"5"
050057,"4"
041324,"4"
041326,"4"
041327,"4"
041320,"4"
041321,"3"
041322,"5"
041323,"4"
250017,"4"
250015,"4"
250012,"4"
250010,"5"
450187,"4"
500041,"3"
110187,"3"
250019,"4"
390185,"3"
390184,"4"
28006F,"5"
290032,"4"
330175,"3"
390174,"4"
190102,"4"
290039,"4"
371304,"4"
371305,"3"
371306,"2"
370227,"3"
371300,"4"
371301,"2"
371302,"5"
290045,"4"
190140,"5"
520062,"4"
190145,"3"
190144,"4"
190146,"3"
440029,"3"
450694,"3"
440020,"3"
450537,"4"
811 - RED BLOOD CELL DISORDERS W MCC,"{'230167': '10073.07', '390223': '10056.67', '230230': '10053.74', '140223': '10012.65', '330065': '10023.71', '440048': '10011.56'}"
670024,"3"
380061,"3"
380060,"4"
450078,"4"
450079,"4"
410005,"5"
490011,"3"
450072,"3"
450073,"4"
23009F,"3"
240036,"3"
230099,"2"
240088,"4"
230095,"3"
230096,"4"
230097,"2"
230092,"3"
010110,"4"
390073,"3"
390072,"5"
390071,"3"
390070,"4"
180127,"4"
050464,"5"
230259,"2"
450716,"2"
050468,"3"
230254,"4"
010112,"3"
360261,"NotAvailable"
360263,"NotAvailable"
360262,"3"
160064,"4"
160067,"3"
171312,"NotAvailable"
171315,"3"
171314,"NotAvailable"
171317,"3"
171316,"2"
171319,"3"
171318,"2"
450847,"4"
490048,"4"
160069,"4"
390278,"NotAvailable"
450064,"4"
450107,"4"
280060,"3"
280061,"3"
450102,"3"
531314,"NotAvailable"
280065,"4"
040055,"4"
040051,"4"
040050,"4"
450108,"3"
330057,"3"
330056,"5"
330055,"5"
330053,"4"
490041,"4"
490043,"3"
511314,"5"
500026,"5"
330059,"3"
330058,"5"
360009,"3"
360008,"3"
460044,"3"
360113,"4"
400127,"NotAvailable"
360001,"4"
360003,"4"
360002,"4"
511319,"4"
360006,"5"
170133,"3"
170137,"5"
050515,"NotAvailable"
050517,"5"
050516,"5"
050510,"NotAvailable"
050512,"NotAvailable"
250136,"NotAvailable"
520206,"3"
030074,"NotAvailable"
111319,"2"
111318,"4"
060100,"3"
060103,"3"
111314,"4"
111313,"3"
060104,"3"
060107,"NotAvailable"
111310,"4"
520051,"4"
360134,"3"
360137,"3"
030077,"NotAvailable"
360131,"3"
360133,"3"
360132,"4"
460035,"2"
260064,"2"
220119,"4"
221302,"3"
221303,"4"
221300,"2"
230075,"4"
230072,"3"
230070,"5"
230071,"NotAvailable"
051332,"4"
290054,"4"
051330,"4"
051331,"3"
351311,"4"
370015,"4"
370014,"5"
370013,"4"
370011,"5"
170049,"4"
450686,"4"
400022,"5"
330 - MAJOR SMALL & LARGE BOWEL PROCEDURES W CC,"{'390168': '12627.83', '10144': '12465.56', '360143': '12657.67', '370032': '12379.05', '670061': '12200.73', '10100': '12460.52'}"
351313,"3"
170040,"4"
370018,"5"
060034,"2"
060036,"3"
060031,"3"
060030,"4"
060032,"3"
180149,"5"
420002,"5"
491300,"4"
420004,"4"
420005,"4"
361318,"4"
351314,"2"
390086,"3"
010089,"3"
230244,"5"
010087,"5"
010086,"3"
010085,"4"
460043,"NotAvailable"
010083,"4"
430014,"2"
430015,"5"
34012F,"4"
260180,"4"
361319,"4"
110153,"3"
110150,"3"
260210,"3"
010157,"4"
100140,"3"
010158,"5"
100142,"3"
030024,"4"
030023,"3"
030022,"5"
241300,"NotAvailable"
241301,"4"
241302,"NotAvailable"
241303,"2"
241304,"NotAvailable"
241305,"3"
241306,"4"
150112,"3"
150113,"4"
291 - HEART FAILURE & SHOCK W MCC,"{'350019': '10000.48', '330235': '10000.39', '500033': '10004.77', '380014': '10002.77', '100180': '10000.93', '410011': '10005.19'}"
150115,"3"
440061,"4"
141329,"NotAvailable"
141328,"4"
340129,"4"
141323,"4"
141322,"3"
223302,"NotAvailable"
141320,"4"
141327,"5"
141326,"5"
141325,"5"
141324,"5"
450670,"2"
450672,"4"
450674,"NotAvailable"
450675,"5"
450677,"2"
450678,"3"
33012F,"5"
360066,"4"
171324,"3"
281307,"3"
181317,"5"
390160,"4"
180002,"5"
450222,"5"
150026,"5"
150024,"4"
240010,"2"
150022,"5"
050262,"3"
050261,"5"
150021,"2"
240019,"2"
240018,"4"
510031,"3"
510030,"4"
420039,"4"
110205,"5"
110203,"3"
110200,"NotAvailable"
110201,"4"
500064,"4"
110209,"NotAvailable"
131315,"2"
131314,"5"
131317,"2"
131316,"5"
131311,"2"
131310,"4"
131312,"2"
190116,"5"
131319,"4"
420038,"5"
100030,"5"
140181,"3"
140182,"5"
100034,"2"
140185,"3"
140186,"3"
140187,"4"
100038,"5"
100039,"3"
050191,"3"
050192,"4"
050195,"4"
050194,"4"
050197,"2"
050196,"3"
190004,"5"
190005,"4"
190006,"5"
190007,"3"
451371,"3"
190001,"2"
190002,"5"
190003,"4"
450241,"4"
441307,"NotAvailable"
310040,"5"
250077,"4"
310047,"3"
310044,"4"
310045,"3"
310048,"5"
490084,"4"
670078,"NotAvailable"
670079,"NotAvailable"
390183,"3"
250072,"4"
450484,"4"
440060,"4"
450489,"3"
450488,"NotAvailable"
110028,"4"
270049,"3"
140288,"3"
51003F,"4"
670067,"NotAvailable"
141348,"4"
260219,"3"
330023,"4"
330395,"5"
470 - MAJOR JOINT REPLACEMENT OR REATTACHMENT OF LOWER EXTREMITY W/O MCC,"{'450796': '10142.78', '100248': '10144.28', '10144': '10046.48', '670076': '10063.78', '670061': '10006.57', '110059': '10032.50'}"
250079,"3"
400111,"5"
440148,"4"
050689,"4"
050688,"3"
340015,"4"
260095,"4"
050684,"4"
260097,"5"
050686,"NotAvailable"
260091,"4"
682 - RENAL FAILURE W MCC,"{'190019': '10007.76', '460021': '10014.19', '360087': '10016.73', '100252': '10005.76', '420048': '10000.35', '100234': '10020.17'}"
440144,"5"
261306,"5"
261307,"3"
261305,"3"
261303,"5"
050047,"3"
050046,"4"
041331,"5"
041330,"3"
050043,"3"
050042,"2"
261308,"3"
050040,"3"
400112,"3"
250004,"5"
250007,"5"
250006,"4"
250001,"4"
29002F,"3"
250002,"3"
340013,"4"
250009,"5"
501309,"2"
190175,"5"
190176,"4"
190177,"4"
260068,"2"
520202,"3"
360039,"3"
371313,"4"
371312,"4"
371311,"2"
371310,"2"
371317,"2"
371316,"4"
440031,"3"
371314,"4"
371319,"3"
371318,"2"
440039,"4"
421304,"4"
040118,"4"
040119,"5"
450591,"3"
040114,"4"
26009F,"5"
391312,"4"
450068,"3"
320003,"3"
390101,"4"
380056,"5"
380050,"4"
380051,"4"
380052,"3"
390327,"NotAvailable"
230089,"4"
161313,"5"
190236,"3"
490117,"4"
230081,"3"
230080,"4"
390325,"NotAvailable"
230085,"4"
450604,"3"
360259,"4"
271344,"4"
03012F,"4"
161316,"4"
520078,"3"
050454,"4"
050455,"5"
390084,"5"
050457,"3"
230241,"4"
390080,"3"
390081,"5"
501321,"5"
171328,"5"
390321,"NotAvailable"
160057,"3"
160058,"4"
171325,"3"
171327,"4"
171321,"4"
171322,"2"
171323,"NotAvailable"
243 - PERMANENT CARDIAC PACEMAKER IMPLANT W CC,"{'390265': '12847.12', '10144': '12371.33', '150176': '12685.00', '370234': '12678.44', '10100': '12286.89', '100264': '13039.64'}"
040069,"5"
36003F,"4"
280077,"3"
040062,"3"
420033,"2"
040067,"5"
521359,"4"
030122,"3"
360036,"3"
360037,"3"
330027,"5"
330024,"3"
170120,"3"
330028,"4"
360052,"3"
170123,"3"
390046,"4"
360070,"2"
420079,"4"
170122,"4"
421300,"2"
421301,"4"
421302,"4"
420078,"3"
390328,"NotAvailable"
500030,"2"
050528,"4"
030123,"3"
030120,"3"
030121,"4"
390013,"3"
530032,"3"
050523,"5"
440057,"3"
050526,"3"
220065,"4"
260070,"4"
220066,"3"
500031,"4"
450539,"4"
450132,"5"
450804,"NotAvailable"
450803,"2"
450801,"4"
390019,"4"
521345,"4"
450809,"3"
450808,"NotAvailable"
450035,"4"
500037,"4"
490127,"4"
310005,"3"
360109,"5"
330332,"4"
330331,"4"
230066,"3"
051329,"3"
051328,"2"
360080,"5"
051325,"3"
051324,"4"
051327,"2"
051326,"4"
051321,"4"
051320,"4"
051323,"NotAvailable"
150017,"4"
170058,"4"
500033,"4"
370065,"4"
360085,"4"
520013,"3"
150015,"5"
451330,"4"
060001,"4"
060003,"3"
060004,"4"
460052,"4"
060006,"4"
060008,"3"
060009,"3"
160028,"4"
050067,"4"
150012,"3"
430008,"4"
330158,"4"
150011,"4"
370202,"4"
330153,"4"
330151,"4"
370206,"NotAvailable"
330157,"3"
050060,"5"
100157,"3"
100156,"4"
100154,"3"
521308,"4"
050063,"3"
100151,"4"
100150,"4"
361331,"3"
812 - RED BLOOD CELL DISORDERS W/O MCC,"{'310119': '10108.86', '330056': '10140.62', '210016': '10119.52', '50262': '10088.26', '330101': '10055.61', '20026': '10012.22'}"
440161,"3"
670062,"NotAvailable"
450090,"4"
110143,"4"
110142,"4"
010168,"3"
010169,"4"
110146,"4"
010164,"4"
450092,"2"
030055,"3"
150109,"3"
241319,"2"
241318,"3"
150101,"3"
150100,"4"
241315,"2"
150102,"5"
241313,"NotAvailable"
150104,"3"
241311,"2"
260177,"4"
330234,"4"
340133,"5"
340132,"5"
340131,"3"
340130,"4"
400103,"4"
440200,"4"
390220,"4"
260207,"3"
161338,"3"
161339,"3"
161336,"2"
161337,"4"
161335,"4"
161332,"2"
161333,"2"
161330,"3"
161331,"4"
420016,"4"
420015,"5"
15003F,"3"
420011,"4"
220049,"4"
220046,"3"
45060F,"4"
420019,"3"
420018,"3"
150035,"4"
150034,"4"
150037,"4"
050211,"3"
150030,"3"
490110,"4"
191301,"5"
191302,"3"
191303,"NotAvailable"
191304,"3"
150038,"4"
191306,"NotAvailable"
510007,"3"
110215,"3"
500019,"4"
110198,"4"
420043,"4"
500012,"5"
340087,"4"
330238,"3"
500016,"3"
683 - RENAL FAILURE W CC,"{'50457': '10046.00', '220163': '10027.29', '340061': '10059.96', '530011': '10060.44', '50197': '10039.16', '50608': '10054.00'}"
360079,"4"
500015,"5"
131320,"4"
131321,"4"
131322,"2"
131323,"2"
131324,"2"
131325,"4"
131326,"3"
131327,"4"
131328,"3"
500039,"4"
340084,"4"
34013F,"3"
01021F,"NotAvailable"
100029,"4"
100028,"3"
140197,"3"
100026,"2"
100025,"3"
670080,"NotAvailable"
100023,"4"
100022,"5"
140191,"4"
451354,"3"
190019,"4"
490112,"4"
190013,"3"
460030,"3"
190011,"4"
360107,"3"
190017,"4"
190015,"4"
190014,"5"
310051,"2"
310050,"4"
500124,"2"
310052,"4"
670061,"NotAvailable"
310054,"3"
310057,"3"
050329,"4"
050327,"4"
050324,"3"
450270,"3"
450271,"5"
050320,"4"
500129,"5"
100049,"5"
521314,"2"
100048,"4"
450723,"4"
230142,"4"
340008,"3"
320058,"5"
053309,"NotAvailable"
390118,"5"
393303,"NotAvailable"
053302,"NotAvailable"
053305,"NotAvailable"
150126,"5"
190307,"NotAvailable"
180019,"5"
200024,"4"
190304,"NotAvailable"
190303,"NotAvailable"
150125,"4"
200020,"3"
200021,"5"
500053,"5"
320059,"3"
190308,"NotAvailable"
240206,"NotAvailable"
240207,"4"
150129,"2"
261314,"3"
050038,"4"
050039,"4"
261311,"2"
261310,"5"
261312,"3"
031309,"2"
050030,"3"
050036,"5"
261318,"4"
450403,"5"
420070,"4"
250031,"5"
381306,"2"
250034,"4"
161381,"3"
193 - SIMPLE PNEUMONIA & PLEURISY W MCC,"{'520078': '10000.79', '220082': '10008.38', '190014': '10004.00', '450424': '10006.38', '340010': '10001.26', '500053': '10008.64'}"
250038,"5"
450580,"5"
440168,"4"
230100,"3"
450584,"3"
190161,"NotAvailable"
190160,"5"
190167,"3"
230141,"3"
190164,"4"
230069,"3"
440040,"4"
450702,"4"
420027,"3"
230104,"3"
520116,"4"
16004F,"4"
440048,"2"
440049,"5"
390192,"4"
05114F,"3"
050146,"2"
260137,"4"
450056,"3"
050145,"2"
450051,"4"
050140,"3"
390194,"4"
39009F,"3"
450058,"3"
238 - MAJOR CARDIOVASC PROCEDURES W/O MCC,"{'510023': '13233.17', '100265': '15570.80', '10144': '14549.57', '10139': '15551.84', '190263': '15623.00', '260068': '15589.97'}"
260138,"4"
194 - SIMPLE PNEUMONIA & PLEURISY W CC,"{'340061': '10023.40', '90001': '10029.65', '50195': '10039.96', '360003': '10065.89', '230273': '10030.41', '490009': '10034.42'}"
450296,"4"
370019,"3"
450292,"4"
450293,"4"
380040,"3"
380047,"2"
391300,"4"
450299,"4"
260006,"4"
360245,"NotAvailable"
340003,"3"
360242,"5"
360241,"NotAvailable"
340085,"5"
260004,"4"
230279,"NotAvailable"
390016,"4"
340061,"4"
230270,"4"
520087,"3"
050441,"3"
230273,"4"
390091,"4"
04010F,"4"
390093,"5"
050444,"5"
391306,"5"
040076,"5"
171339,"3"
040074,"4"
391302,"3"
040072,"4"
040071,"4"
390258,"4"
160047,"4"
390256,"4"
160045,"2"
171330,"3"
171337,"5"
171336,"4"
171335,"5"
040078,"5"
440015,"4"
440192,"4"
440193,"4"
440194,"4"
440197,"4"
450128,"4"
280040,"3"
440017,"4"
301311,"3"
330030,"4"
230180,"5"
360020,"4"
360027,"3"
301312,"4"
360025,"3"
246 - PERC CARDIOVASC PROC W DRUG-ELUTING STENT W MCC OR 4+ VESSELS/STENTS,"{'260011': '16324.88', '370234': '15565.82', '160069': '16001.43', '510033': '16026.42', '10012': '16369.29', '10100': '15513.60'}"
440011,"4"
360029,"4"
410001,"5"
17006F,"4"
040036,"4"
050537,"3"
310073,"2"
050534,"4"
050618,"4"
23005F,"2"
450518,"3"
260009,"4"
450010,"5"
030131,"NotAvailable"
030130,"2"
030132,"NotAvailable"
460051,"4"
341311,"3"
451356,"3"
170110,"3"
310076,"3"
341310,"5"
280128,"4"
177 - RESPIRATORY INFECTIONS & INFLAMMATIONS W MCC,"{'170145': '10020.18', '390147': '10067.13', '440056': '10068.29', '360354': '10030.86', '110051': '10092.33', '110050': '10054.83'}"
670041,"3"
450796,"NotAvailable"
440047,"5"
450011,"4"
341315,"5"
450872,"NotAvailable"
450871,"NotAvailable"
450876,"3"
341316,"2"
450874,"NotAvailable"
450875,"NotAvailable"
390012,"3"
410004,"4"
440228,"5"
03013F,"5"
360116,"3"
460058,"2"
360044,"3"
360112,"4"
490060,"5"
051318,"3"
872 - SEPTICEMIA OR SEVERE SEPSIS W/O MV 96+ HOURS W/O MCC,"{'220077': '10002.95', '70004': '10021.17', '330353': '10053.69', '50350': '10033.62', '50523': '10087.19', '140281': '10026.72'}"
230053,"4"
230054,"3"
230055,"3"
051310,"3"
051311,"4"
051312,"NotAvailable"
051314,"3"
051315,"3"
051316,"3"
051317,"2"
170068,"5"
231325,"4"
161348,"4"
520160,"3"
231324,"4"
370078,"4"
470011,"5"
520089,"3"
460023,"3"
180128,"5"
210055,"4"
460026,"3"
490092,"4"
060016,"3"
060015,"3"
060014,"3"
060013,"3"
060012,"3"
060011,"3"
060010,"2"
511304,"5"
161343,"2"
511306,"4"
511307,"5"
511300,"2"
511301,"2"
340004,"4"
370203,"NotAvailable"
330141,"5"
330140,"4"
231322,"3"
370215,"2"
18007F,"5"
370216,"NotAvailable"
100122,"5"
510062,"5"
351308,"NotAvailable"
01019F,"3"
100126,"4"
100127,"3"
100124,"4"
100125,"5"
351302,"5"
161347,"5"
100128,"3"
351301,"5"
351306,"NotAvailable"
351307,"2"
351304,"NotAvailable"
351305,"NotAvailable"
161345,"5"
180018,"4"
060124,"NotAvailable"
180016,"3"
180017,"4"
030043,"4"
110177,"5"
180012,"4"
180013,"4"
180010,"4"
180011,"3"
451357,"5"
241368,"2"
241369,"3"
490098,"4"
50011F,"2"
241362,"3"
241363,"5"
241360,"2"
241361,"3"
241366,"3"
241367,"4"
241364,"5"
241365,"3"
110194,"2"
110192,"4"
110190,"4"
110191,"5"
140294,"4"
201308,"3"
140290,"2"
140291,"4"
699 - OTHER KIDNEY & URINARY TRACT DIAGNOSES W CC,"{'230053': '10108.79', '220071': '10098.28', '160058': '10104.24', '390290': '10004.53', '330106': '10016.96', '50100': '10076.00'}"
201309,"4"
161329,"2"
161328,"4"
140058,"5"
140059,"4"
161325,"3"
140054,"3"
161326,"5"
140052,"5"
140053,"4"
140051,"3"
420062,"4"
201304,"3"
390067,"5"
420066,"4"
220058,"3"
100238,"5"
100239,"3"
100236,"4"
100234,"4"
420069,"3"
100232,"5"
201306,"5"
100230,"3"
100231,"4"
150001,"4"
150002,"4"
150003,"4"
050205,"2"
050204,"3"
853 - INFECTIOUS & PARASITIC DISEASES W O.R. PROCEDURE W MCC,"{'390228': '25196.36', '190054': '22665.33', '190004': '22112.33', '370034': '24792.45', '390032': '22217.33', '330234': '140255.27'}"
150007,"3"
150008,"3"
150009,"4"
390063,"2"
201301,"2"
500008,"4"
390138,"3"
420102,"NotAvailable"
110225,"4"
110226,"3"
500001,"4"
110229,"3"
500003,"5"
201303,"4"
421303,"4"
500002,"4"
430092,"NotAvailable"
340096,"4"
340097,"3"
340090,"4"
340091,"3"
250151,"NotAvailable"
430093,"NotAvailable"
340098,"3"
340099,"5"
240141,"3"
420105,"5"
031314,"2"
031315,"4"
031312,"2"
031313,"NotAvailable"
220162,"5"
031311,"4"
100052,"5"
100053,"4"
100050,"4"
100051,"4"
100057,"4"
100054,"3"
100055,"4"
390266,"3"
430094,"NotAvailable"
521355,"3"
430095,"3"
420104,"5"
670050,"4"
521318,"3"
390265,"4"
670054,"NotAvailable"
310069,"3"
340127,"3"
063301,"NotAvailable"
050335,"3"
050334,"3"
050336,"4"
310060,"3"
310061,"4"
390263,"3"
490077,"4"
471302,"3"
450469,"3"
450465,"4"
231337,"4"
231334,"4"
231335,"4"
231332,"3"
220033,"3"
231330,"2"
231331,"2"
140276,"4"
191316,"4"
191315,"4"
140275,"5"
340120,"5"
191312,"4"
191310,"4"
330127,"5"
191318,"5"
200034,"3"
200037,"4"
200031,"3"
207 - RESPIRATORY SYSTEM DIAGNOSIS W VENTILATOR SUPPORT 96+ HOURS,"{'50441': '156158.18', '450847': '24004.85', '510023': '24019.00', '50195': '119113.00', '360276': '22311.54', '190204': '23567.25'}"
431322,"2"
450659,"2"
200039,"3"
390102,"3"
440174,"4"
240214,"4"
431320,"3"
240210,"4"
240213,"3"
270087,"NotAvailable"
270086,"2"
390100,"2"
261320,"3"
050028,"4"
261324,"4"
261325,"3"
261327,"4"
261328,"4"
220031,"4"
050022,"4"
050025,"3"
050024,"2"
050026,"5"
241317,"NotAvailable"
190046,"2"
330125,"3"
241316,"NotAvailable"
250027,"4"
250025,"5"
450597,"5"
250020,"4"
241314,"2"
190199,"NotAvailable"
520004,"4"
450795,"5"
190190,"2"
241312,"2"
440051,"4"
641 - MISC DISORDERS OF NUTRITION,"{'METABOLISM': 'FLUIDS/ELECTROLYTES W/O MCC'}"
440053,"5"
440054,"3"
190208,"4"
440056,"4"
390316,"NotAvailable"
440058,"5"
190204,"4"
190205,"4"
190202,"4"
190201,"5"
419 - LAPAROSCOPIC CHOLECYSTECTOMY W/O C.D.E. W/O CC/MCC,"{'310016': '10015.00', '450847': '10048.50', '180038': '10076.50', '20001': '10005.55', '110177': '10021.58', '330331': '10066.54'}"
450877,"3"
450040,"3"
050150,"4"
050153,"4"
050152,"4"
050159,"4"
050158,"3"
310086,"5"
281322,"3"
310084,"4"
20003F,"3"
310083,"4"
450283,"4"
281323,"2"
340036,"3"
670044,"4"
450289,"4"
340037,"5"
360230,"3"
220036,"3"
360236,"4"
450742,"5"
360234,"5"
281326,"2"
360239,"3"
230269,"3"
310003,"4"
380090,"5"
380091,"NotAvailable"
490057,"4"
261331,"4"
252 - OTHER VASCULAR PROCEDURES W MCC,"{'390265': '15139.94', '370234': '14352.71', '510023': '14805.94', '390268': '15219.09', '40134': '15145.78', '260068': '14798.19'}"
520097,"4"
281325,"2"
040002,"5"
220035,"2"
390228,"4"
040001,"5"
391311,"3"
040007,"5"
040004,"4"
300011,"4"
160032,"4"
160033,"2"
160030,"3"
390226,"3"
390225,"3"
460054,"NotAvailable"
440189,"4"
440187,"5"
300014,"2"
290002,"3"
440184,"2"
440183,"4"
181316,"5"
440181,"4"
340144,"4"
230193,"4"
230195,"4"
330009,"5"
230197,"2"
330004,"5"
330005,"5"
330006,"4"
418 - LAPAROSCOPIC CHOLECYSTECTOMY W/O C.D.E. W CC,"{'100137': '10017.75', '100105': '10038.00', '490069': '10004.21', '340021': '10057.13', '280040': '10037.21', '100232': '10029.38'}"
330003,"5"
050543,"NotAvailable"
050541,"NotAvailable"
050547,"NotAvailable"
360348,"3"
291312,"5"
050549,"2"
16003F,"3"
400009,"NotAvailable"
390002,"2"
160146,"3"
160147,"4"
170109,"2"
030108,"NotAvailable"
390133,"3"
390130,"3"
170103,"3"
030105,"4"
030107,"NotAvailable"
030101,"5"
170105,"3"
030103,"2"
350011,"2"
230017,"3"
330261,"3"
390003,"3"
450860,"NotAvailable"
450862,"4"
176 - PULMONARY EMBOLISM W/O MCC,"{'340061': '10136.58', '60024': '10069.21', '30064': '10127.56', '330136': '10144.42', '210018': '10037.24', '360059': '10055.25'}"
450864,"NotAvailable"
450867,"2"
420067,"4"
450869,"3"
230013,"4"
470001,"3"
490079,"5"
450662,"3"
051307,"NotAvailable"
051306,"4"
051305,"3"
051304,"2"
051303,"NotAvailable"
051302,"NotAvailable"
051301,"2"
051300,"4"
370192,"NotAvailable"
360163,"3"
370190,"NotAvailable"
360161,"4"
051309,"NotAvailable"
051308,"NotAvailable"
039 - EXTRACRANIAL PROCEDURES W/O CC/MCC,"{'390111': '10129.00', '230104': '10062.76', '450068': '10011.31', '30062': '10000.82', '250001': '10017.36', '220163': '10010.12'}"
170075,"4"
170074,"5"
230047,"4"
230046,"4"
340010,"5"
33016F,"5"
230041,"4"
230040,"3"
050492,"4"
370048,"3"
360014,"4"
050496,"3"
390272,"NotAvailable"
050498,"4"
370047,"5"
370040,"5"
370041,"4"
450119,"3"
180139,"5"
180138,"3"
460033,"2"
330177,"4"
370220,"NotAvailable"
330188,"3"
370222,"NotAvailable"
340011,"3"
180130,"3"
180132,"5"
370228,"3"
370229,"3"
060064,"2"
060065,"4"
511313,"3"
241380,"4"
511311,"5"
511310,"3"
511317,"4"
511316,"5"
511315,"3"
241381,"4"
450419,"2"
511318,"4"
670069,"NotAvailable"
220101,"3"
100131,"4"
100130,"3"
520100,"3"
100132,"3"
100135,"3"
030071,"4"
100137,"4"
030073,"3"
100139,"3"
351310,"2"
220116,"4"
351312,"2"
030078,"2"
220111,"4"
DRG Definition,"{'Provider Id': ' Average Total Payments '}"
351316,"2"
181310,"3"
110168,"4"
180009,"5"
441312,"4"
45086F,"4"
180005,"5"
180004,"3"
110161,"4"
180001,"4"
220100,"4"
110165,"5"
110164,"5"
241379,"3"
241378,"3"
490089,"4"
490088,"4"
191309,"4"
241371,"4"
241370,"3"
241373,"4"
241372,"2"
241375,"NotAvailable"
241374,"3"
241377,"4"
241376,"4"
110184,"4"
140289,"4"
110186,"4"
110183,"4"
440065,"5"
140281,"3"
140280,"4"
110189,"4"
140286,"4"
161318,"4"
161319,"NotAvailable"
440067,"5"
140049,"3"
140048,"4"
520098,"3"
161310,"2"
161311,"2"
161312,"3"
140046,"5"
450605,"2"
140040,"5"
140043,"4"
161317,"2"
420071,"4"
121303,"NotAvailable"
420073,"5"
420072,"5"
330132,"4"
100228,"5"
510001,"5"
220060,"5"
100224,"4"
220062,"NotAvailable"
100226,"5"
100220,"4"
100223,"4"
220067,"4"
500036,"4"
050350,"3"
050238,"3"
050239,"2"
150018,"4"
050234,"3"
050235,"3"
050236,"3"
050230,"2"
050231,"3"
050232,"3"
150010,"4"
510006,"4"
500007,"5"
520205,"NotAvailable"
14004F,"3"
110233,"NotAvailable"
110230,"3"
250122,"5"
250123,"5"
670006,"3"
250126,"4"
450730,"4"
250124,"4"
26007F,"4"
330393,"4"
250128,"4"
400006,"4"
031305,"2"
031304,"NotAvailable"
490017,"4"
031301,"4"
031300,"3"
031303,"2"
031302,"3"
100040,"4"
100043,"3"
150128,"3"
100045,"4"
100044,"3"
100047,"4"
100046,"4"
220029,"4"
451322,"4"
330008,"4"
400007,"4"
490013,"3"
111302,"3"
330135,"3"
330090,"4"
050308,"3"
050309,"2"
060119,"3"
670049,"NotAvailable"
45066F,"5"
050300,"4"
050301,"5"
670045,"NotAvailable"
310070,"5"
670043,"4"
050305,"4"
310075,"3"
310074,"5"
490067,"4"
490066,"3"
231329,"2"
231328,"4"
490063,"3"
210056,"3"
210057,"4"
231327,"3"
244 - PERMANENT CARDIAC PACEMAKER IMPLANT W/O CC/MCC,"{'390265': '10378.91', '150175': '10219.00', '390107': '10372.82', '10139': '10399.00', '360276': '10311.25', '260068': '10157.84'}"
231321,"4"
231320,"4"
231323,"5"
210051,"4"
340021,"5"
111308,"4"
500014,"4"
330184,"5"
200001,"3"
200002,"2"
200008,"4"
200009,"3"
460 - SPINAL FUSION EXCEPT CERVICAL W/O MCC,"{'100290': '17264.36', '100264': '17601.53', '150166': '131187.36', '440189': '16771.82', '100047': '17648.83', '100055': '17743.61'}"
291309,"4"
330180,"4"
050014,"4"
050016,"4"
050017,"4"
260200,"3"
050013,"3"
141349,"5"
220024,"4"
050018,"3"
260209,"3"
140211,"3"
440102,"4"
261337,"NotAvailable"
261335,"3"
261333,"2"
261332,"5"
05030F,"3"
261330,"3"
250058,"5"
250059,"5"
101312,"3"
101313,"2"
101310,"4"
101311,"3"
250050,"5"
250051,"2"
250057,"4"
280 - ACUTE MYOCARDIAL INFARCTION,"{' DISCHARGED ALIVE W MCC': '670060'}"
330218,"5"
390139,"2"
450104,"3"
461308,"2"
340145,"3"
370099,"2"
531308,"2"
190184,"5"
190183,"4"
340143,"4"
370097,"3"
520139,"3"
520138,"2"
440068,"5"
141343,"4"
440064,"4"
390304,"5"
390307,"NotAvailable"
340141,"3"
32005F,"4"
330399,"4"
440063,"4"
260110,"4"
260113,"5"
260116,"4"
050167,"5"
050168,"3"
050169,"3"
310096,"5"
310091,"5"
370091,"4"
650001,"5"
310092,"4"
450822,"4"
331309,"2"
230216,"5"
230217,"3"
331301,"NotAvailable"
331302,"2"
331303,"NotAvailable"
331304,"4"
331305,"4"
331306,"2"
331307,"2"
360058,"3"
670083,"NotAvailable"
521340,"3"
380089,"4"
220095,"3"
180056,"4"
381304,"4"
190257,"NotAvailable"
380082,"4"
230165,"4"
040011,"5"
061323,"3"
061320,"2"
061321,"3"
040015,"4"
040014,"5"
061324,"NotAvailable"
061325,"NotAvailable"
040019,"5"
040018,"5"
061328,"NotAvailable"
160024,"3"
390237,"3"
390236,"4"
450148,"3"
190133,"3"
670085,"NotAvailable"
400109,"4"
450143,"2"
390 - G.I. OBSTRUCTION W/O CC/MCC,"{'10144': '3091.00', '440132': '3148.00', '30062': '11700.09', '210009': '11273.20', '440228': '12015.54', '10100': '3108.00'}"
450147,"3"
450144,"4"
330019,"5"
450346,"5"
330013,"3"
511309,"4"
330011,"4"
330014,"5"
050551,"5"
280081,"5"
050552,"5"
360359,"4"
360358,"NotAvailable"
050557,"5"
450101,"3"
291301,"NotAvailable"
291300,"5"
291303,"NotAvailable"
291302,"3"
360351,"NotAvailable"
291304,"NotAvailable"
291307,"3"
291306,"3"
390125,"3"
030119,"2"
030118,"3"
341313,"2"
160153,"4"
390122,"3"
030113,"2"
030112,"NotAvailable"
030111,"4"
030110,"4"
030117,"4"
340020,"5"
030115,"4"
030114,"3"
440084,"3"
490106,"NotAvailable"
440082,"3"
440083,"5"
440081,"3"
233300,"NotAvailable"
263302,"NotAvailable"
330307,"3"
061322,"3"
330304,"4"
191305,"5"
040010,"4"
450855,"3"
450856,"NotAvailable"
510082,"3"
450851,"3"
450853,"NotAvailable"
360179,"4"
39012F,"4"
061326,"5"
370183,"4"
360172,"3"
360175,"4"
360174,"4"
061327,"3"
230038,"3"
170001,"4"
170006,"3"
040017,"4"
230030,"3"
040016,"5"
230036,"3"
230037,"3"
230035,"3"
390231,"3"
670066,"NotAvailable"
050488,"3"
450573,"3"
050485,"4"
370057,"4"
370056,"3"
050481,"3"
370054,"3"
330163,"5"
330162,"4"
330160,"4"
330167,"4"
330166,"NotAvailable"
370235,"5"
330164,"5"
060071,"4"
460005,"4"
330169,"5"
460007,"3"
060075,"3"
110011,"4"
060076,"3"
351324,"2"
351325,"2"
351326,"4"
351327,"4"
351320,"2"
351321,"4"
351322,"2"
310058,"5"
361312,"2"
361313,"4"
361310,"4"
361311,"5"
351328,"4"
351329,"3"
14007F,"5"
110016,"4"
230146,"3"
030062,"3"
030061,"3"
220108,"4"
030067,"4"
060020,"3"
030065,"4"
030064,"4"
100105,"3"
100106,"4"
100107,"5"
100102,"4"
670068,"4"
180038,"2"
420010,"4"
450272,"3"
450021,"3"
180035,"3"
180036,"4"
310118,"4"
420036,"5"
520208,"NotAvailable"
461303,"2"
161307,"4"
161306,"3"
161304,"3"
161303,"5"
161302,"3"
161301,"2"
161300,"5"
451377,"4"
450638,"2"
22010F,"4"
161309,"3"
161308,"5"
220077,"3"
161361,"4"
220075,"NotAvailable"
220074,"4"
220073,"5"
253 - OTHER VASCULAR PROCEDURES W CC,"{'370234': '11287.29', '440011': '12109.70', '150115': '12166.69', '10010': '12007.77', '260068': '11946.03', '10100': '11958.00'}"
220071,"3"
161360,"3"
450029,"5"
461304,"3"
161363,"3"
451303,"4"
140077,"4"
180104,"5"
050281,"3"
180106,"5"
161362,"5"
420048,"4"
180101,"3"
180102,"5"
180103,"4"
100211,"5"
100212,"3"
100213,"3"
310112,"4"
380037,"3"
100217,"3"
500021,"4"
050228,"4"
500027,"4"
19048F,"5"
500025,"3"
500024,"2"
050222,"2"
150061,"4"
050226,"3"
050225,"3"
050224,"3"
520207,"3"
460041,"4"
400005,"NotAvailable"
360354,"3"
100075,"4"
100076,"4"
100077,"4"
100070,"2"
100071,"5"
100072,"4"
100073,"4"
250138,"4"
469 - MAJOR JOINT REPLACEMENT OR REATTACHMENT OF LOWER EXTREMITY W MCC,"{'370222': '12936.00', '360351': '12810.07', '160069': '15026.78', '150115': '14853.41', '390256': '100018.33', '440073': '14779.92'}"
340073,"3"
340070,"4"
340071,"3"
241344,"2"
05031F,"4"
241346,"2"
241347,"2"
241340,"NotAvailable"
241341,"NotAvailable"
241342,"2"
241343,"3"
241348,"NotAvailable"
240166,"4"
450890,"4"
050315,"5"
050313,"4"
450891,"NotAvailable"
450424,"3"
450447,"5"
450446,"NotAvailable"
240187,"3"
450893,"NotAvailable"
460042,"3"
500119,"5"
430027,"4"
220015,"3"
670031,"3"
330101,"2"
231318,"4"
231319,"3"
490052,"3"
490053,"5"
210049,"5"
210048,"3"
291308,"4"
210045,"3"
210044,"3"
231312,"3"
220016,"4"
231314,"4"
210040,"5"
210043,"4"
231317,"4"
140250,"4"
140251,"4"
140252,"5"
510072,"4"
390203,"3"
510077,"4"
140258,"3"
340183,"3"
340186,"3"
340184,"3"
200019,"4"
200018,"3"
490046,"5"
050002,"4"
200025,"3"
050007,"3"
050006,"3"
260214,"4"
271318,"3"
050009,"3"
050008,"3"
340032,"4"
130006,"2"
130007,"3"
400044,"5"
531309,"4"
130002,"4"
130003,"3"
521337,"4"
531302,"2"
531303,"3"
531301,"3"
531306,"5"
420103,"2"
400048,"NotAvailable"
360350,"NotAvailable"
101305,"5"
101304,"4"
101307,"4"
110124,"3"
101301,"4"
101300,"2"
101303,"NotAvailable"
101302,"3"
320016,"4"
100179,"4"
250043,"4"
250042,"5"
101309,"4"
101308,"3"
320011,"3"
271317,"3"
440180,"5"
030036,"4"
520204,"3"
521331,"4"
390127,"4"
271311,"NotAvailable"
030038,"3"
390049,"3"
271312,"3"
370171,"3"
440072,"5"
340030,"4"
271313,"NotAvailable"
100177,"4"
390090,"4"
440231,"NotAvailable"
100176,"2"
370199,"NotAvailable"
390123,"5"
050179,"4"
260108,"3"
260105,"4"
050174,"3"
260102,"5"
110129,"4"
390043,"5"
260147,"4"
521339,"3"
230022,"4"
140120,"5"
390041,"4"
360218,"3"
230207,"3"
230208,"3"
360210,"3"
360211,"4"
360212,"3"
390204,"5"
160016,"3"
463301,"NotAvailable"
370173,"NotAvailable"
390201,"3"
160013,"3"
430090,"NotAvailable"
490097,"5"
390045,"2"
450253,"5"
190064,"4"
440025,"4"
490045,"4"
520095,"2"
520096,"4"
190065,"3"
040029,"5"
371327,"4"
040026,"4"
040027,"5"
040020,"4"
040022,"5"
251316,"5"
251317,"4"
341327,"3"
251315,"5"
251312,"4"
251313,"5"
341323,"4"
251311,"4"
451308,"3"
450152,"3"
450085,"2"
240132,"3"
251318,"4"
251319,"5"
171382,"5"
171383,"4"
171380,"5"
171381,"3"
260228,"NotAvailable"
241338,"2"
261316,"3"
050568,"5"
360360,"NotAvailable"
360362,"NotAvailable"
050567,"2"
050561,"NotAvailable"
390110,"4"
033302,"NotAvailable"
390112,"5"
390113,"5"
390114,"3"
390115,"5"
390116,"4"
050769,"NotAvailable"
050766,"NotAvailable"
050767,"NotAvailable"
050764,"3"
050765,"3"
050763,"3"
050760,"NotAvailable"
050761,"3"
331314,"5"
331313,"4"
331312,"3"
331311,"5"
331310,"3"
340115,"3"
340114,"2"
330372,"4"
360145,"3"
360147,"4"
360141,"4"
330306,"4"
461300,"NotAvailable"
261319,"4"
450841,"2"
450840,"3"
360148,"3"
461305,"NotAvailable"
450845,"NotAvailable"
450844,"3"
070012,"3"
340119,"4"
070010,"3"
070011,"4"
070016,"3"
070017,"5"
070015,"4"
070018,"4"
070019,"5"
151322,"5"
151323,"3"
151320,"3"
170012,"4"
151326,"5"
151327,"5"
151324,"4"
151325,"4"
230021,"3"
230020,"3"
151328,"5"
151329,"5"
390326,"3"
230024,"4"
521305,"3"
49010F,"5"
370026,"3"
33019F,"4"
431306,"2"
351318,"3"
261317,"5"
460019,"5"
370025,"5"
250036,"3"
010038,"4"
010039,"3"
010036,"3"
330197,"4"
010034,"4"
010035,"4"
010032,"5"
010033,"5"
460015,"3"
330191,"3"
351333,"3"
351332,"3"
351331,"2"
351330,"3"
451361,"4"
351336,"3"
330208,"5"
351334,"4"
361301,"2"
361300,"3"
330204,"4"
330205,"3"
330202,"4"
330203,"5"
361307,"2"
330201,"3"
180027,"5"
220126,"4"
180025,"3"
100118,"4"
230151,"4"
180021,"5"
180020,"4"
100113,"4"
394 - OTHER DIGESTIVE SYSTEM DIAGNOSES W CC,"{'70005': '10054.87', '330106': '10062.08', '50060': '10030.24', '360003': '10025.46', '50107': '10046.89', '310074': '10045.77'}"
030094,"4"
100110,"5"
100117,"4"
030093,"4"
180029,"5"
450587,"4"
050586,"3"
450347,"4"
050580,"3"
050581,"3"
360074,"3"
050588,"3"
050589,"4"
340053,"4"
870 - SEPTICEMIA OR SEVERE SEPSIS W MV 96+ HOURS,"{'330234': '119028.91', '390160': '20536.64', '100087': '25497.17', '50262': '103802.97', '140233': '25349.18', '50441': '109945.57'}"
291311,"3"
150056,"3"
140122,"3"
670060,"4"
140067,"5"
161373,"3"
140065,"3"
140064,"5"
140063,"3"
140062,"4"
161374,"4"
161375,"5"
161378,"NotAvailable"
161379,"5"
140068,"5"
220002,"2"
100206,"3"
100204,"3"
390322,"NotAvailable"
100200,"4"
220008,"3"
100209,"4"
060044,"4"
180117,"4"
180116,"5"
180115,"5"
060043,"2"
420053,"4"
420051,"4"
420057,"3"
060049,"5"
420055,"5"
420054,"2"
150072,"2"
150075,"4"
150074,"5"
150076,"3"
431312,"3"
431310,"2"
230031,"5"
431316,"4"
431317,"2"
431315,"4"
100063,"4"
100062,"3"
350063,"2"
100067,"5"
340068,"3"
450718,"3"
250104,"4"
340064,"4"
100069,"4"
100068,"4"
250100,"4"
340060,"4"
250102,"5"
241353,"4"
241352,"4"
241351,"4"
241350,"4"
241357,"3"
241356,"3"
241355,"4"
241354,"3"
460009,"3"
440046,"4"
241359,"4"
201313,"3"
050360,"3"
170009,"3"
050367,"5"
370030,"4"
231307,"5"
231306,"2"
231305,"3"
231304,"4"
231303,"5"
231301,"NotAvailable"
231300,"NotAvailable"
670021,"NotAvailable"
670023,"3"
670025,"3"
310110,"5"
231309,"3"
231308,"2"
400128,"2"
670012,"NotAvailable"
370113,"5"
400121,"3"
400120,"5"
400123,"4"
490044,"5"
400125,"3"
400124,"4"
330115,"5"
400126,"NotAvailable"
510048,"4"
510046,"5"
19043F,"4"
140242,"3"
140240,"4"
450054,"3"
450055,"4"
200063,"4"
51004F,"5"
510023,"3"
450388,"3"
450389,"4"
451321,"5"
191321,"NotAvailable"
370051,"3"
230156,"3"
130014,"3"
450097,"4"
171338,"2"
450052,"4"
130013,"3"
531311,"2"
531310,"4"
531313,"2"
531312,"4"
250078,"5"
130018,"4"
531316,"4"
451347,"5"
450422,"NotAvailable"
320009,"3"
451346,"4"
320005,"3"
320004,"4"
320006,"4"
320001,"4"
220110,"3"
320002,"3"
271347,"3"
010128,"3"
271345,"3"
260034,"4"
271343,"3"
271342,"NotAvailable"
271341,"2"
010129,"4"
47001F,"3"
351315,"4"
400113,"5"
390329,"NotAvailable"
638 - DIABETES W CC,"{'330233': '10213.09', '330169': '10090.64', '50599': '10143.90', '390142': '10206.23', '330152': '10015.53', '90003': '10227.61'}"
53004F,"3"
660001,"5"
451341,"3"
050149,"3"
013301,"NotAvailable"
370236,"NotAvailable"
450099,"3"
050108,"3"
260179,"2"
330111,"4"
050102,"4"
050103,"3"
050100,"4"
050101,"4"
260176,"4"
050107,"4"
050104,"2"
260175,"3"
271308,"NotAvailable"
110105,"3"
500108,"5"
450688,"5"
220030,"4"
460006,"3"
230239,"4"
360203,"4"
230236,"3"
450358,"2"
230230,"4"
450711,"2"
110100,"3"
160001,"2"
390217,"3"
010126,"5"
160005,"4"
390219,"4"
111329,"5"
050616,"4"
450165,"4"
040039,"5"
260005,"5"
451372,"4"
061309,"4"
450162,"4"
260001,"5"
061304,"NotAvailable"
061305,"4"
061306,"3"
061307,"NotAvailable"
208 - RESPIRATORY SYSTEM DIAGNOSIS W VENTILATOR SUPPORT <96 HOURS,"{'390266': '10453.91', '450163': '10397.00', '450092': '10120.00', '510012': '10025.58', '440072': '10350.57', '180002': '10250.41'}"
061301,"4"
061302,"NotAvailable"
061303,"3"
251305,"2"
251304,"3"
370233,"NotAvailable"
251306,"4"
341314,"4"
251300,"4"
251303,"5"
341317,"2"
341318,"4"
341319,"4"
251309,"5"
251308,"3"
450369,"4"
09002F,"4"
381320,"4"
351323,"3"
381323,"3"
390199,"4"
46002F,"3"
441308,"4"
050573,"2"
230301,"NotAvailable"
230302,"4"
050570,"3"
050575,"2"
381324,"3"
360352,"NotAvailable"
069 - TRANSIENT ISCHEMIA,"{'110010': '12312.80', '330396': '10284.83', '330399': '10529.32', '330080': '10673.85', '210009': '10240.62', '330009': '10817.71'}"
390107,"3"
361316,"4"
390104,"3"
050771,"3"
050770,"4"
050773,"NotAvailable"
050772,"NotAvailable"
150047,"4"
361314,"3"
500072,"4"
361315,"4"
360153,"3"
360152,"4"
360151,"4"
360150,"5"
450431,"3"
360156,"2"
360155,"3"
360159,"5"
948 - SIGNS & SYMPTOMS W/O MCC,"{'330009': '10211.46', '50454': '10988.50', '50276': '11887.19', '50228': '10022.61', '90003': '10017.89', '50599': '10344.12'}"
45063F,"5"
25042F,"3"
230015,"3"
070003,"4"
070002,"3"
070005,"3"
070004,"4"
070007,"4"
070006,"3"
070008,"4"
073300,"NotAvailable"
230019,"3"
100109,"3"
151331,"4"
151330,"3"
151333,"4"
151332,"3"
151335,"5"
151334,"3"
521313,"5"
440018,"4"
250162,"4"
170027,"3"
170020,"4"
290047,"4"
170023,"5"
400098,"4"
390157,"5"
510055,"5"
290041,"3"
030069,"5"
390151,"2"
361334,"5"
441309,"4"
030068,"4"
010029,"4"
06005F,"3"
361332,"5"
361333,"3"
010025,"3"
010024,"4"
390153,"4"
010021,"3"
918 - POISONING & TOXIC EFFECTS OF DRUGS W/O MCC,"{'50441': '10312.80', '50276': '12344.71', '50360': '10776.17', '210003': '12165.47', '440056': '3040.73', '210009': '12479.80'}"
010023,"5"
010022,"4"
440030,"5"
330219,"4"
220105,"3"
330119,"3"
22001F,"NotAvailable"
330215,"4"
330214,"2"
470012,"4"
370094,"4"
330211,"4"
390097,"3"
330213,"2"
271300,"NotAvailable"
180053,"4"
180050,"5"
180051,"5"
030089,"4"
030088,"5"
230167,"4"
030085,"4"
030084,"3"
030087,"2"
441305,"4"
030083,"4"
230275,"NotAvailable"
050597,"4"
050590,"5"
461310,"2"
440120,"3"
260119,"5"
230277,"3"
050599,"2"
460039,"4"
451380,"3"
370234,"3"
391307,"4"
340123,"4"
171334,"3"
391304,"NotAvailable"
500077,"2"
220135,"2"
140012,"5"
140013,"5"
140010,"3"
140011,"5"
161365,"3"
161364,"3"
161367,"3"
140015,"4"
161369,"4"
161368,"4"
140018,"4"
140019,"4"
391303,"3"
220011,"5"
220010,"4"
220012,"3"
100276,"4"
100277,"NotAvailable"
220017,"4"
100275,"5"
220019,"4"
351309,"3"
391301,"3"
501318,"2"
250141,"5"
521336,"4"
171333,"2"
521334,"4"
310034,"4"
521332,"3"
110089,"5"
521330,"4"
060054,"4"
110086,"4"
110087,"3"
670034,"2"
171331,"2"
110082,"3"
110083,"2"
15004F,"5"
310031,"4"
500044,"4"
520177,"3"
51005F,"3"
490069,"4"
420080,"5"
431308,"NotAvailable"
110064,"5"
420083,"4"
391308,"3"
420086,"3"
420087,"3"
420089,"3"
160040,"4"
431307,"2"
110069,"4"
441301,"3"
093300,"NotAvailable"
100099,"5"
340050,"4"
140127,"3"
140124,"4"
140125,"4"
100092,"5"
100093,"4"
100090,"2"
350070,"3"
370080,"3"
220082,"3"
490126,"3"
500049,"3"
501314,"3"
220083,"3"
100307,"4"
501315,"2"
100302,"4"
220080,"4"
05130F,"4"
050373,"5"
670010,"NotAvailable"
10065F,"4"
050376,"4"
050378,"4"
670018,"NotAvailable"
670019,"4"
400114,"5"
400115,"NotAvailable"
400117,"NotAvailable"
400110,"5"
220084,"4"
210061,"3"
210060,"3"
10009F,"4"
400118,"5"
450558,"4"
450634,"4"
490038,"4"
602 - CELLULITIS W MCC,"{'450054': '10034.74', '70007': '10007.44', '450107': '10022.21', '390201': '10014.40', '310057': '10033.82', '330141': '10003.07'}"
490032,"5"
490033,"5"
287 - CIRCULATORY DISORDERS EXCEPT AMI,"{' W CARD CATH W/O MCC': '670075'}"
917 - POISONING & TOXIC EFFECTS OF DRUGS W MCC,"{'170122': '10048.87', '490079': '10047.27', '450388': '10014.98', '40004': '10034.27', '110054': '10001.04', '380047': '10039.00'}"
490037,"5"
150044,"4"
150045,"3"
150046,"4"
140239,"3"
490143,"NotAvailable"
150042,"4"
351319,"3"
140233,"5"
140231,"2"
150048,"3"
431300,"2"
140234,"3"
390061,"4"
201305,"3"
330033,"4"
450229,"3"
110031,"4"
450399,"3"
501319,"2"
340002,"2"
501312,"2"
501313,"3"
501310,"3"
501311,"5"
501316,"2"
351303,"3"
450395,"4"
360026,"4"
400061,"NotAvailable"
250061,"3"
250060,"5"
250067,"3"
130025,"4"
490140,"2"
490141,"4"
130028,"3"
320017,"3"
250069,"3"
430048,"3"
320038,"3"
141351,"4"
390197,"3"
330401,"5"
320030,"3"
320033,"3"
370172,"2"
360355,"NotAvailable"
14034F,"5"
271333,"NotAvailable"
271330,"2"
190241,"NotAvailable"
190246,"5"
271337,"2"
271334,"2"
190245,"NotAvailable"
271338,"2"
271339,"NotAvailable"
520075,"4"
360185,"3"
450087,"3"
190086,"5"
330285,"4"
450083,"4"
190081,"4"
450080,"3"
670075,"3"
190088,"4"
698 - OTHER KIDNEY & URINARY TRACT DIAGNOSES W MCC,"{'360144': '10026.63', '390183': '10023.73', '140251': '10001.41', '240038': '10004.75', '500014': '10025.57', '300001': '10010.79'}"
281364,"3"
281365,"3"
281362,"5"
281363,"4"
281360,"3"
281361,"4"
050111,"3"
050110,"4"
050113,"4"
050112,"3"
050115,"3"
441300,"5"
050116,"2"
191 - CHRONIC OBSTRUCTIVE PULMONARY DISEASE W CC,"{'330393': '10009.23', '390132': '10019.62', '70022': '10026.37', '210016': '10003.02', '140018': '10023.03', '50043': '10019.62'}"
250085,"5"
684 - RENAL FAILURE W/O CC/MCC,"{'390107': '3262.45', '440011': '3186.64', '160079': '3303.85', '420098': '3268.50', '360354': '3300.11', '260068': '3276.17'}"
190242,"3"
320013,"4"
220070,"3"
230222,"4"
230227,"4"
520002,"4"
230093,"3"
250084,"5"
271331,"NotAvailable"
450348,"4"
271336,"5"
260015,"4"
050604,"5"
061319,"NotAvailable"
451366,"NotAvailable"
871 - SEPTICEMIA OR SEVERE SEPSIS W/O MV 96+ HOURS W MCC,"{'180051': '10006.43', '100126': '10011.62', '440008': '10009.81', '360155': '10002.13', '390107': '10010.88', '340064': '10000.65'}"
450176,"4"
050603,"3"
180105,"5"
061313,"3"
061312,"2"
061311,"2"
061310,"NotAvailable"
050609,"5"
050608,"5"
061315,"4"
061314,"3"
251330,"4"
251331,"3"
251332,"5"
251333,"NotAvailable"
251334,"NotAvailable"
251335,"NotAvailable"
450373,"4"
341308,"NotAvailable"
341307,"5"
341305,"4"
341304,"3"
341303,"4"
341302,"NotAvailable"
470003,"4"
030013,"4"
360054,"5"
390290,"3"
420065,"2"
53005F,"4"
521310,"2"
360071,"3"
050748,"NotAvailable"
390178,"2"
390179,"2"
390026,"5"
450825,"NotAvailable"
050740,"4"
390173,"3"
050742,"4"
160101,"NotAvailable"
050744,"4"
050745,"4"
050746,"4"
050747,"3"
390096,"4"
520008,"3"
06007F,"2"
370225,"NotAvailable"
450082,"4"
400003,"5"
360086,"5"
370022,"4"
370156,"4"
330350,"4"
370153,"4"
330353,"5"
230003,"2"
230002,"4"
150069,"3"
070039,"4"
230005,"3"
230004,"3"
070034,"3"
070035,"3"
070036,"3"
070031,"4"
603 - CELLULITIS W/O MCC,"{'240004': '10052.24', '330306': '10123.18', '330233': '10000.76', '210012': '10136.02', '330101': '10126.53', '330221': '10073.98'}"
070033,"3"
390006,"4"
170039,"4"
151308,"4"
151309,"4"
080009,"3"
080006,"2"
080007,"2"
080004,"2"
151307,"5"
151300,"2"
080003,"4"
151302,"4"
080001,"3"
360092,"3"
090011,"3"
360090,"3"
360091,"4"
360096,"5"
260080,"4"
670047,"4"
360095,"4"
450596,"5"
360098,"4"
440153,"3"
010018,"NotAvailable"
010019,"4"
340051,"3"
361320,"3"
361326,"4"
361325,"3"
050118,"5"
010011,"4"
010012,"5"
361328,"4"
010016,"4"
330229,"3"
670046,"NotAvailable"
150064,"4"
171347,"3"
050054,"5"
330222,"4"
150065,"4"
330224,"4"
330225,"5"
330226,"4"
041329,"4"
180040,"4"
180043,"4"
180045,"5"
180044,"5"
180046,"3"
180049,"5"
180048,"4"
07003F,"3"
230174,"3"
271316,"5"
050058,"3"
521315,"4"
260160,"4"
340173,"2"
260163,"3"
260162,"2"
451369,"4"
10064F,"4"
011300,"5"
011304,"NotAvailable"
140001,"5"
521316,"4"
140002,"4"
161358,"3"
161359,"5"
140007,"4"
161354,"3"
140008,"3"
161356,"4"
161357,"3"
161350,"4"
161351,"3"
161352,"4"
161353,"3"
100260,"5"
141319,"5"
100265,"3"
100264,"5"
100267,"3"
100266,"4"
100269,"3"
100268,"4"
450885,"4"
450884,"3"
220020,"4"
450880,"NotAvailable"
301 - PERIPHERAL VASCULAR DISORDERS W/O CC/MCC,"{'390228': '3272.25', '330234': '12364.67', '390265': '3292.00', '420098': '3206.55', '10100': '3227.43', '10144': '3211.00'}"
521324,"3"
254 - OTHER VASCULAR PROCEDURES W/O CC/MCC,"{'170086': '10003.28', '180029': '10013.83', '230269': '10021.42', '110031': '10015.14', '140290': '10001.44', '240078': '10000.57'}"
521326,"5"
521321,"3"
521320,"4"
521323,"5"
521322,"3"
110092,"4"
110091,"4"
49011F,"5"
521329,"4"
521328,"2"
110095,"4"
431334,"4"
431335,"4"
431336,"3"
431337,"3"
431330,"5"
120028,"3"
431332,"2"
431333,"3"
120026,"3"
431338,"3"
440007,"2"
120022,"3"
110075,"5"
110074,"3"
392 - ESOPHAGITIS,"{' GASTROENT & MISC DIGEST DISORDERS W/O MCC': '670068'}"
110076,"4"
110071,"5"
340042,"4"
110073,"3"
340040,"4"
110079,"4"
110078,"3"
340049,"NotAvailable"
250134,"4"
450779,"3"
360056,"4"
450755,"3"
100088,"3"
140135,"5"
100084,"4"
140137,"3"
100086,"5"
100081,"4"
140130,"3"
140133,"5"
100319,"NotAvailable"
181318,"4"
181319,"4"
100315,"3"
100314,"3"
181314,"4"
100316,"3"
181312,"4"
480 - HIP & FEMUR PROCEDURES EXCEPT MAJOR JOINT W MCC,"{'440011': '14490.85', '440130': '12365.73', '150115': '14483.18', '360041': '14768.69', '260068': '14856.91', '40062': '14798.70'}"
181311,"4"
670002,"4"
340075,"3"
050348,"4"
050349,"NotAvailable"
670005,"NotAvailable"
670004,"3"
360118,"5"
500148,"2"
050342,"4"
210012,"4"
210013,"4"
210011,"3"
210016,"3"
210017,"4"
400105,"NotAvailable"
210015,"3"
13003F,"4"
210018,"4"
210019,"3"
450411,"4"
41005F,"5"
241345,"4"
490021,"4"
330088,"3"
490023,"4"
390180,"5"
490024,"4"
141350,"5"
286 - CIRCULATORY DISORDERS EXCEPT AMI,"{' W CARD CATH W MCC': '670056'}"
140228,"3"
150051,"4"
150057,"3"
08002F,"4"
240084,"4"
140223,"4"
150058,"4"
240080,"4"
140224,"2"
461302,"5"
440003,"5"
051319,"5"
270032,"3"
450774,"NotAvailable"
240066,"3"
501308,"2"
240064,"4"
390323,"NotAvailable"
240063,"3"
510086,"4"
240061,"2"
501301,"3"
501303,"5"
360046,"3"
501305,"3"
501304,"5"
501307,"NotAvailable"
240069,"3"
370170,"NotAvailable"
050298,"3"
320022,"4"
320021,"3"
250099,"4"
050292,"5"
250097,"5"
050290,"3"
050291,"3"
050296,"4"
250093,"5"
050295,"5"
230058,"3"
371307,"NotAvailable"
230059,"4"
341326,"5"
190251,"NotAvailable"
190250,"3"
271323,"5"
271322,"5"
190255,"NotAvailable"
271324,"2"
308 - CARDIAC ARRHYTHMIA & CONDUCTION DISORDERS W MCC,"{'220119': '10019.15', '50006': '10005.82', '310086': '10016.73', '140114': '10007.78', '210015': '10016.03', '140091': '10011.27'}"
190256,"NotAvailable"
190259,"NotAvailable"
271328,"4"
371303,"NotAvailable"
420068,"4"
391 - ESOPHAGITIS,"{' GASTROENT & MISC DIGEST DISORDERS W MCC': '670056'}"
070040,"4"
050124,"3"
050125,"2"
050126,"3"
050127,"4"
310032,"3"
050121,"5"
050122,"5"
44013F,"5"
190099,"5"
190098,"5"
050128,"4"
050129,"3"
480002,"5"
171313,"4"
480001,"4"
170182,"5"
441315,"5"
441314,"3"
520107,"5"
441316,"3"
441311,"NotAvailable"
441310,"4"
441313,"2"
371309,"NotAvailable"
450221,"3"
370072,"2"
200040,"4"
200041,"2"
451320,"NotAvailable"
450137,"2"
450620,"5"
451365,"3"
451364,"5"
511312,"4"
260017,"3"
450196,"5"
451376,"3"
260011,"5"
37012F,"5"
439 - DISORDERS OF PANCREAS EXCEPT MALIGNANCY W CC,"{'390111': '10097.45', '90004': '10078.17', '230236': '10050.93', '450024': '10032.00', '110125': '10067.58', '210007': '10092.62'}"
420098,"5"
260020,"4"
451351,"NotAvailable"
260022,"4"
050633,"5"
260024,"4"
260025,"3"
050636,"3"
260027,"4"
440137,"5"
450184,"2"
520066,"4"
440132,"4"
440133,"4"
440130,"5"
440131,"3"
450340,"4"
520076,"4"
251329,"NotAvailable"
281321,"4"
251327,"4"
251326,"4"
251325,"5"
251324,"4"
251323,"4"
251322,"3"
251320,"3"
450178,"3"
430005,"4"
500050,"4"
36008F,"3"
061317,"4"
500051,"4"
061316,"3"
050757,"3"
491306,"4"
050755,"3"
050754,"NotAvailable"
491303,"NotAvailable"
290053,"4"
050751,"NotAvailable"
290051,"NotAvailable"
520048,"3"
520071,"4"
500152,"NotAvailable"
240020,"3"
050758,"4"
390168,"4"
220098,"3"
520070,"2"
390111,"3"
400001,"3"
160110,"4"
390163,"4"
160112,"5"
390164,"3"
160117,"3"
520198,"3"
500058,"4"
520017,"3"
520193,"3"
37014F,"5"
520195,"NotAvailable"
520194,"NotAvailable"
450370,"3"
490050,"3"
370149,"4"
361308,"3"
490118,"3"
440016,"4"
670055,"3"
330340,"4"
180088,"4"
470005,"3"
070029,"5"
070028,"4"
320086,"3"
180124,"5"
380001,"3"
070022,"3"
070021,"3"
070020,"2"
070027,"4"
070025,"3"
070024,"3"
151319,"3"
151318,"3"
450828,"3"
161340,"5"
329 - MAJOR SMALL & LARGE BOWEL PROCEDURES W MCC,"{'110011': '23202.91', '330234': '101796.27', '170103': '23389.73', '390160': '20298.64', '150042': '23736.33', '360276': '23372.57'}"
151313,"4"
151312,"3"
151311,"4"
151310,"4"
151317,"4"
151316,"4"
151315,"3"
151314,"2"
360081,"3"
231310,"4"
360082,"4"
250117,"5"
360084,"4"
360087,"3"
090008,"4"
360089,"3"
090006,"4"
090005,"4"
090004,"4"
090003,"5"
400130,"NotAvailable"
090001,"4"
330236,"5"
330235,"4"
231313,"NotAvailable"
330233,"4"
330232,"4"
330231,"4"
521327,"3"
490115,"5"
260142,"3"
511303,"4"
330239,"4"
066 - INTRACRANIAL HEMORRHAGE OR CEREBRAL INFARCTION W/O CC/MCC,"{'330195': '10122.39', '390142': '10287.46', '330194': '10167.89', '50245': '10284.33', '140088': '10253.38', '330128': '10241.09'}"
370211,"3"
500054,"3"
231316,"3"
370210,"NotAvailable"
161344,"3"
510071,"4"
230108,"4"
370212,"NotAvailable"
180078,"4"
180079,"5"
510070,"5"
511308,"3"
14003F,"4"
180070,"4"
303 - ATHEROSCLEROSIS W/O MCC,"{'330231': '10014.46', '370234': '2815.11', '10100': '2844.00', '210029': '10600.24', '100022': '11551.00', '210024': '18357.00'}"
230105,"2"
170194,"NotAvailable"
170195,"NotAvailable"
170196,"NotAvailable"
170197,"3"
170190,"NotAvailable"
170191,"4"
170198,"NotAvailable"
170199,"NotAvailable"
530011,"4"
670059,"NotAvailable"
180095,"4"
180092,"2"
180093,"5"
450231,"2"
11029F,"4"
35002F,"3"
500052,"NotAvailable"
03033F,"4"
161349,"4"
100121,"4"
140034,"5"
161342,"5"
161341,"3"
057 - DEGENERATIVE NERVOUS SYSTEM DISORDERS W/O MCC,"{'90004': '10076.00', '340047': '10015.90', '340030': '10120.38', '210028': '10082.71', '50060': '10118.56', '330119': '10014.65'}"
140030,"3"
161346,"2"
140032,"4"
140033,"NotAvailable"
100258,"3"
100259,"3"
450135,"4"
100254,"5"
100255,"3"
100256,"4"
201307,"4"
201300,"3"
110121,"3"
100252,"4"
100253,"2"
010007,"5"
010006,"4"
010005,"5"
430091,"NotAvailable"
430096,"NotAvailable"
430097,"NotAvailable"
010001,"4"
201312,"4"
450747,"4"
521319,"3"
190218,"4"
351300,"3"
010008,"5"
431323,"2"
120019,"4"
431321,"4"
201310,"4"
431327,"2"
431326,"3"
431325,"4"
431324,"2"
120011,"4"
431329,"5"
120014,"4"
110040,"4"
110041,"3"
110042,"4"
110043,"4"
110044,"4"
110045,"3"
110046,"5"
450743,"4"
201314,"3"
390079,"3"
350019,"5"
49006F,"3"
360266,"NotAvailable"
140100,"NotAvailable"
140101,"4"
140103,"5"
350015,"4"
430083,"NotAvailable"
181309,"4"
181308,"5"
181305,"4"
181304,"5"
181307,"4"
181306,"4"
181301,"4"
510059,"NotAvailable"
181303,"2"
181302,"5"
450235,"4"
050359,"5"
121308,"NotAvailable"
282 - ACUTE MYOCARDIAL INFARCTION,"{' DISCHARGED ALIVE W/O CC/MCC': '530014'}"
171310,"2"
050353,"3"
050352,"3"
050351,"4"
121300,"3"
10063F,"5"
121306,"NotAvailable"
121304,"NotAvailable"
210001,"3"
210003,"5"
210002,"5"
210005,"3"
210004,"3"
490012,"3"
210006,"4"
210009,"4"
210008,"4"
450400,"4"
490018,"3"
490019,"5"
390270,"3"
202 - BRONCHITIS & ASTHMA W CC/MCC,"{'10131': '10134.50', '330024': '10094.04', '230046': '10015.64', '390142': '10116.33', '330101': '10122.21', '330221': '10106.54'}"
320089,"NotAvailable"
140217,"3"
140210,"4"
481 - HIP & FEMUR PROCEDURES EXCEPT MAJOR JOINT W CC,"{'390267': '10002.16', '150033': '10009.55', '150007': '10002.22', '170185': '10003.57', '10085': '10001.63', '110128': '10005.60'}"
340148,"NotAvailable"
140213,"4"
141345,"5"
141344,"4"
141347,"3"
141346,"4"
141341,"3"
141340,"5"
203 - BRONCHITIS & ASTHMA W/O CC/MCC,"{'180130': '3152.95', '440011': '3087.09', '510023': '2994.36', '390147': '3096.00', '440091': '3152.59', '10144': '2951.12'}"
141342,"4"
450766,"NotAvailable"
189 - PULMONARY EDEMA & RESPIRATORY FAILURE,"{'100167': '10020.19', '450176': '10022.19', '50689': '10028.27', '280013': '10008.39', '50107': '10011.60', '330316': '10006.50'}"
440010,"5"
240093,"3"
431309,"4"
450237,"3"
260216,"4"
501334,"2"
501335,"3"
501336,"4"
501337,"3"
501330,"2"
501331,"4"
501332,"4"
501333,"3"
440034,"4"
501338,"NotAvailable"
501339,"3"
270023,"3"
240075,"4"
240076,"4"
240071,"2"
160104,"4"
450571,"3"
461306,"2"
400021,"5"
240078,"3"
460057,"NotAvailable"
450578,"2"
050289,"5"
310119,"4"
130049,"4"
320057,"NotAvailable"
050357,"3"
050280,"3"
050283,"4"
310113,"3"
250081,"3"
310115,"4"
400004,"5"
250082,"5"
490094,"3"
520189,"3"
360271,"NotAvailable"
420082,"5"
521317,"3"
390036,"4"
510008,"4"
250163,"NotAvailable"
190268,"NotAvailable"
271319,"3"
490090,"4"
190266,"NotAvailable"
190267,"NotAvailable"
271310,"NotAvailable"
190261,"NotAvailable"
241333,"5"
190263,"4"
050133,"5"
050132,"4"
050131,"2"
050137,"5"
050136,"4"
050135,"3"
050139,"NotAvailable"
050138,"5"
340156,"2"
190060,"5"
281340,"3"
281341,"4"
281342,"3"
281343,"3"
281344,"2"
281345,"4"
281346,"3"
281347,"3"
281348,"2"
281349,"3"
241332,"4"
340023,"3"
200052,"2"
300034,"3"
200050,"3"
370089,"3"
310014,"5"
430012,"4"
310017,"4"
310016,"5"
260183,"4"
305 - HYPERTENSION W/O MCC,"{'240004': '15071.08', '30037': '10046.91', '390107': '3121.27', '360276': '3126.00', '260011': '3126.00', '260068': '3053.20'}"
380038,"5"
281335,"2"
520083,"2"
450754,"3"
340147,"4"
380033,"4"
310010,"4"
420085,"4"
450746,"NotAvailable"
689 - KIDNEY & URINARY TRACT INFECTIONS W MCC,"{'30016': '10018.06', '50580': '10003.25', '30024': '10011.85', '50485': '10000.52', '210056': '10002.47', '70021': '10003.07'}"
531304,"4"
340028,"4"
430013,"4"
390076,"4"
310012,"3"
271332,"5"
250049,"4"
470024,"4"
450749,"3"
370158,"4"
451349,"3"
250048,"4"
440125,"4"
450194,"5"
050625,"2"
050624,"2"
451343,"4"
260032,"5"
450193,"2"
450192,"3"
461307,"4"
140119,"3"
23037F,"4"
140118,"4"
370036,"5"
450352,"4"
450351,"3"
381321,"4"
340069,"3"
040088,"5"
381322,"5"
381325,"4"
320018,"3"
040080,"5"
370218,"4"
220063,"4"
040084,"5"
040085,"5"
160124,"3"
050723,"NotAvailable"
190114,"4"
290046,"4"
050726,"NotAvailable"
050727,"5"
050724,"4"
190111,"2"
290049,"3"
190118,"4"
170010,"5"
293 - HEART FAILURE & SHOCK W/O CC/MCC,"{'230146': '10466.67', '330009': '10101.90', '210009': '11914.50', '50228': '10200.09', '50038': '10104.58', '450018': '10025.19'}"
490093,"5"
450451,"4"
391305,"3"
250044,"3"
45090F,"4"
450565,"5"
38003F,"2"
460010,"2"
161327,"4"
370178,"5"
360189,"4"
241339,"2"
360180,"5"
161321,"4"
330044,"5"
330403,"NotAvailable"
330404,"NotAvailable"
330405,"NotAvailable"
330406,"NotAvailable"
161320,"2"
520102,"3"
161322,"3"
18006F,"5"
450617,"3"
23011F,"3"
390025,"NotAvailable"
050438,"3"
390027,"4"
390028,"5"
300 - PERIPHERAL VASCULAR DISORDERS W CC,"{'230132': '10142.94', '330028': '10108.54', '50242': '10116.00', '230104': '10023.62', '140088': '10115.62', '210008': '10051.32'}"
050434,"4"
050435,"3"
451378,"4"
520103,"5"
33024F,"5"
171348,"2"
171349,"4"
171346,"2"
377 - G.I. HEMORRHAGE W MCC,"{'260005': '10003.92', '360025': '10000.53', '150018': '10003.17', '140135': '10011.28', '450087': '10009.80', '460004': '10016.59'}"
171344,"2"
171345,"4"
171342,"2"
171343,"NotAvailable"
171340,"4"
171341,"5"
451373,"2"
330240,"5"
330241,"5"
330246,"4"
330245,"5"
330249,"4"
390004,"4"
330084,"5"
330085,"5"
330086,"4"
360055,"3"
330080,"5"
360051,"3"
170014,"3"
391309,"4"
020026,"5"
020027,"4"
020024,"3"
360059,"4"
230118,"4"
180069,"5"
440173,"4"
220051,"3"
390001,"3"
180067,"5"
180066,"3"
230117,"5"
180064,"4"
170183,"NotAvailable"
151304,"4"
271335,"3"
170187,"NotAvailable"
170186,"3"
170185,"3"
151305,"3"
451310,"4"
170188,"NotAvailable"
473 - CERVICAL SPINAL FUSION W/O CC/MCC,"{'10006': '10208.41', '10056': '10642.80', '10055': '10633.37', '440120': '10680.25', '40147': '10645.49', '190266': '10647.00'}"
451311,"5"
180087,"4"
180080,"5"
010108,"4"
010109,"4"
010104,"4"
451313,"3"
010102,"2"
010103,"4"
010100,"4"
010101,"4"
440073,"5"
140029,"4"
521335,"3"
390008,"2"
510058,"4"
150004,"4"
151303,"3"
500011,"4"
140026,"4"
150005,"4"
100249,"4"
100248,"5"
330394,"5"
150006,"5"
330396,"4"
330397,"5"
100243,"4"
100242,"3"
201311,"3"
100240,"NotAvailable"
885 - PSYCHOSES,"{'390028': '10043.53', '220163': '10014.21', '360085': '10018.90', '50103': '10027.19', '450289': '10075.73', '50763': '10000.08'}"
100246,"3"
201315,"4"
100244,"4"
430081,"2"
010073,"5"
390147,"4"
430082,"NotAvailable"
50030F,"5"
430084,"2"
521309,"3"
503300,"NotAvailable"
430089,"NotAvailable"
010078,"4"
010079,"3"
521303,"4"
521302,"2"
521300,"3"
041302,"5"
201302,"NotAvailable"
041303,"5"
450306,"4"
521333,"4"
140117,"3"
140116,"4"
140115,"3"
140114,"3"
140113,"5"
340024,"2"
340027,"4"
140110,"4"
041306,"5"
450639,"4"
110054,"4"
34036F,"3"
110051,"4"
110050,"3"
150181,"NotAvailable"
041304,"5"
041305,"3"
181330,"4"
181331,"4"
530025,"5"
361323,"4"
260104,"5"
301309,"4"
330185,"3"
361322,"2"
450894,"NotAvailable"
521304,"3"
361321,"3"
490002,"5"
490001,"3"
210038,"3"
210039,"4"
490005,"4"
490004,"4"
210034,"3"
210035,"4"
490009,"4"
210037,"3"
210030,"4"
241349,"2"
210032,"4"
210033,"4"
140202,"3"
140200,"3"
340159,"4"
140206,"3"
340155,"4"
500005,"3"
140209,"5"
140208,"4"
340151,"4"
510053,"4"
340153,"NotAvailable"
450200,"5"
120007,"3"
120006,"5"
120005,"2"
120004,"4"
370214,"NotAvailable"
120002,"4"
120001,"3"
111316,"3"
370180,"4"
111315,"2"
501323,"3"
501322,"2"
451333,"NotAvailable"
501320,"NotAvailable"
501327,"4"
501326,"2"
501325,"3"
231311,"NotAvailable"
270012,"2"
501328,"5"
270014,"2"
450203,"4"
341322,"4"
270017,"4"
240040,"4"
240043,"3"
240044,"4"
240047,"4"
450508,"5"
450177,"4"
520109,"5"
310108,"5"
400019,"5"
400018,"3"
241325,"5"
400011,"NotAvailable"
400010,"NotAvailable"
400013,"4"
251 - PERC CARDIOVASC PROC W/O CORONARY ARTERY STENT W/O MCC,"{'360155': '10044.09', '140046': '10048.50', '250048': '10043.13', '110168': '10014.65', '450102': '10000.69', '140280': '10077.67'}"
400015,"NotAvailable"
400014,"4"
400016,"5"
38004F,"2"
330181,"4"
271309,"NotAvailable"
190278,"NotAvailable"
510050,"5"
271303,"NotAvailable"
271302,"NotAvailable"
101 - SEIZURES W/O MCC,"{'330240': '10239.79', '330395': '10271.67', '330396': '10209.76', '330385': '10017.29', '330350': '10008.55', '50047': '10249.38'}"
271307,"2"
271306,"NotAvailable"
271305,"NotAvailable"
190274,"4"
190079,"4"
330221,"4"
26004F,"4"
050380,"4"
52004F,"3"
050382,"3"
330223,"5"
050385,"4"
281359,"4"
281358,"2"
281357,"3"
281356,"2"
281355,"3"
281354,"4"
281353,"4"
281352,"4"
281351,"5"
281350,"3"
300020,"3"
300023,"3"
241320,"4"
231315,"4"
350064,"NotAvailable"
380029,"3"
230077,"4"
380025,"4"
380027,"3"
150133,"5"
380021,"4"
380020,"4"
380022,"3"
520045,"5"
520044,"5"
520041,"4"
330182,"2"
521338,"3"
520049,"2"
361324,"3"
520037,"5"
260048,"4"
440110,"3"
340142,"4"
260040,"3"
451331,"4"
530006,"4"
260047,"4"
451334,"3"
290019,"5"
149 - DYSEQUILIBRIUM,"{'100266': '3217.00', '390107': '3249.00', '510024': '3185.78', '390147': '3225.91', '420098': '3244.13', '360354': '3236.92'}"
501317,"2"
450324,"5"
381318,"4"
381319,"4"
381314,"4"
381315,"3"
381316,"4"
381317,"4"
381310,"NotAvailable"
280023,"4"
280020,"4"
381313,"4"
670076,"NotAvailable"
390142,"4"
050732,"3"
050735,"2"
230078,"3"
050737,"3"
050736,"2"
050739,"3"
050738,"3"
450015,"3"
190297,"2"
370016,"4"
536 - FRACTURES OF HIP & PELVIS W/O MCC,"{'180139': '3143.67', '330194': '10563.36', '210002': '10093.06', '510058': '3216.60', '450018': '11922.62', '100022': '11431.56'}"
501324,"NotAvailable"
271346,"NotAvailable"
190298,"NotAvailable"
670077,"5"
450037,"4"
450034,"4"
280111,"4"
450032,"4"
450033,"4"
450042,"4"
39005F,"4"
501329,"4"
450039,"4"
510038,"5"
161366,"3"
450586,"3"
451344,"2"
371329,"2"
360035,"4"
390119,"4"
520091,"3"
440070,"5"
390039,"3"
050425,"5"
050424,"2"
390035,"3"
050426,"2"
230297,"2"
050423,"4"
390030,"4"
440006,"3"
670053,"3"
171359,"2"
171358,"2"
220050,"3"
171355,"3"
171354,"3"
171357,"2"
171356,"2"
171351,"2"
171350,"2"
171353,"2"
04009F,"4"
330250,"3"
451315,"NotAvailable"
371321,"4"
670056,"4"
180141,"5"
330259,"5"
440002,"4"
170086,"3"
451342,"4"
310027,"5"
310064,"3"
180143,"4"
360041,"4"
065 - INTRACRANIAL HEMORRHAGE OR CEREBRAL INFARCTION W CC,"{'50075': '10047.33', '210006': '10014.19', '50396': '10012.90', '190098': '10019.21', '310076': '10051.78', '50024': '10018.57'}"
330094,"4"
371325,"2"
110029,"3"
360048,"3"
341325,"4"
670073,"NotAvailable"
341324,"5"
390154,"4"
500139,"4"
450330,"4"
450046,"4"
360197,"3"
370166,"3"
360195,"3"
220052,"4"
360192,"4"
011302,"4"
170176,"3"
341321,"NotAvailable"
170175,"5"
370169,"2"
341320,"4"
450690,"3"
010118,"5"
240196,"NotAvailable"
010114,"4"
450698,"2"
110115,"4"
110113,"5"
010113,"5"
110111,"5"
490075,"5"
450372,"3"
420007,"2"
340039,"4"
271340,"4"
060096,"4"
23012F,"3"
390156,"5"
33009F,"4"
453310,"NotAvailable"
460049,"NotAvailable"
510085,"3"
330386,"4"
330385,"4"
450044,"2"
360032,"3"
450130,"3"
450154,"4"
010061,"4"
010062,"4"
010065,"5"
380009,"4"
010066,"3"
010069,"5"
314 - OTHER CIRCULATORY SYSTEM DIAGNOSES W MCC,"{'100072': '10016.92', '10078': '10000.43', '520030': '10001.77', '360055': '10016.47', '10029': '10014.59', '360172': '10015.87'}"
280133,"NotAvailable"
17008F,"4"
100290,"5"
100291,"4"
100292,"3"
400012,"NotAvailable"
100296,"3"
100299,"3"
330128,"5"
231333,"4"
140162,"5"
310111,"3"
140160,"5"
140161,"4"
140166,"4"
140167,"3"
140164,"4"
161355,"3"
340014,"4"
110023,"4"
340016,"4"
340017,"3"
110026,"3"
110027,"3"
110024,"4"
110025,"3"
181327,"5"
191317,"5"
181325,"5"
181324,"4"
181323,"4"
181322,"5"
181321,"4"
181320,"5"
430016,"4"
181329,"3"
181328,"5"
100187,"5"
100180,"3"
100181,"4"
100183,"3"
450124,"4"
510013,"5"
460047,"4"
100189,"3"
510012,"5"
05128F,"3"
150157,"4"
150154,"4"
450214,"3"
150153,"2"
150150,"3"
150158,"2"
210029,"5"
210028,"4"
330199,"3"
210023,"5"
210022,"4"
210027,"5"
450771,"4"
210024,"4"
43005F,"3"
461301,"NotAvailable"
450889,"NotAvailable"
370201,"NotAvailable"
340160,"4"
450888,"NotAvailable"
340166,"4"
150088,"5"
150089,"4"
500084,"4"
500088,"4"
150082,"4"
150084,"3"
511320,"4"
150086,"4"
161380,"4"
521311,"2"
450883,"NotAvailable"
400024,"NotAvailable"
130065,"NotAvailable"
130066,"NotAvailable"
130067,"NotAvailable"
301310,"4"
21020F,"5"
240059,"4"
130063,"NotAvailable"
240057,"2"
240056,"3"
451337,"2"
230110,"2"
240053,"3"
240052,"3"
240050,"4"
521325,"4"
490109,"NotAvailable"
460011,"4"
200033,"4"
010150,"3"
320074,"2"
490101,"5"
320070,"NotAvailable"
490107,"2"
490105,"NotAvailable"
50013F,"NotAvailable"
531315,"NotAvailable"
140300,"3"
400087,"5"
140304,"4"
490113,"3"
190270,"NotAvailable"
390058,"5"
195 - SIMPLE PNEUMONIA & PLEURISY W/O CC/MCC,"{'50228': '10139.38', '670006': '11471.25', '330399': '10415.44', '450018': '10186.39', '330204': '10192.83', '330009': '10388.43'}"
400026,"NotAvailable"
440218,"NotAvailable"
361329,"4"
450775,"4"
450462,"4"
190040,"4"
190041,"3"
271304,"NotAvailable"
190044,"4"
190045,"3"
249 - PERC CARDIOVASC PROC W NON-DRUG-ELUTING STENT W/O MCC,"{'110003': '10031.79', '160110': '10035.41', '450484': '10032.89', '10104': '10027.98', '390145': '10035.71', '100026': '10000.92'}"
281328,"3"
281329,"4"
450209,"4"
310008,"3"
310009,"3"
050397,"3"
050396,"3"
281320,"3"
050394,"3"
050393,"3"
281327,"3"
281324,"4"
050390,"4"
231326,"5"
300012,"4"
270004,"3"
270003,"4"
510047,"3"
300017,"4"
300018,"3"
300019,"4"
310015,"2"
380018,"3"
271327,"2"
380071,"3"
380014,"3"
510002,"3"
380017,"3"
520033,"4"
520030,"3"
440104,"5"
390057,"2"
520034,"3"
520035,"3"
520038,"3"
390056,"3"
440109,"4"
431331,"5"
260059,"5"
450163,"3"
520021,"5"
050641,"3"
260050,"3"
451323,"2"
260052,"4"
530015,"2"
530014,"3"
260057,"5"
451326,"NotAvailable"
241308,"3"
321309,"5"
321308,"3"
241309,"5"
321305,"3"
321304,"NotAvailable"
321307,"3"
321306,"4"
321301,"5"
321300,"2"
321302,"3"
381309,"4"
381308,"NotAvailable"
261321,"4"
381303,"3"
381302,"4"
381301,"3"
381307,"4"
280030,"4"
381305,"5"
280032,"4"
372 - MAJOR GASTROINTESTINAL DISORDERS & PERITONEAL INFECTIONS W CC,"{'230165': '10026.27', '230197': '10040.68', '50336': '10031.30', '210043': '10018.43', '310015': '10001.41', '50380': '10000.56'}"
050708,"NotAvailable"
050709,"2"
471304,"4"
050704,"4"
050701,"4"
161376,"3"
340047,"5"
52003F,"4"
471301,"4"
450219,"3"
450024,"4"
280105,"4"
450023,"3"
261329,"2"
040152,"NotAvailable"
040153,"NotAvailable"
161377,"4"
450028,"3"
360144,"3"
340041,"3"
461309,"3"
390009,"2"
450213,"4"
450848,"3"
450210,"5"
370039,"4"
450211,"4"
340126,"5"
390048,"4"
310011,"4"
230106,"3"
36007F,"4"
330144,"4"
390042,"4"
050411,"5"
360143,"5"
050414,"4"
05127F,"5"
390044,"2"
050417,"3"
171368,"3"
171369,"3"
420091,"5"
370034,"4"
171361,"5"
171362,"4"
171363,"4"
171364,"2"
171365,"2"
171366,"3"
171367,"3"
020006,"5"
330270,"NotAvailable"
330268,"3"
020001,"3"
370028,"3"
370029,"4"
330264,"4"
330265,"4"
330267,"4"
020008,"3"
170094,"4"
370020,"4"
330263,"4"
230133,"4"
230132,"4"
360072,"4"
230130,"3"
140292,"3"
360075,"3"
360076,"5"
360077,"3"
360078,"4"
330067,"5"
330064,"4"
330065,"4"
330061,"3"
192 - CHRONIC OBSTRUCTIVE PULMONARY DISEASE W/O CC/MCC,"{'330395': '10040.85', '330396': '10094.60', '50320': '10119.04', '120002': '10255.14', '210009': '10052.97', '330204': '10297.89'}"
300029,"3"
450668,"4"
370112,"3"
350002,"2"
370114,"4"
450770,"NotAvailable"
170166,"5"
100087,"2"
111326,"3"
111327,"5"
111324,"4"
111325,"3"
110109,"3"
450684,"4"
111320,"4"
111321,"4"
010120,"5"
110104,"4"
110107,"4"
110101,"3"
010125,"4"
111328,"3"
100080,"4"
151306,"4"
390233,"2"
330074,"5"
490040,"3"
33011F,"4"
453301,"NotAvailable"
453300,"NotAvailable"
25043F,"5"
010058,"3"
010059,"3"
460021,"3"
010054,"5"
010055,"4"
010056,"4"
010050,"5"
010051,"4"
010052,"3"
350006,"3"
230029,"3"
220088,"3"
530008,"4"
100289,"4"
100288,"4"
100287,"3"
100286,"4"
100285,"3"
100284,"4"
220086,"3"
170013,"3"
100281,"4"
110039,"5"
110038,"3"
140172,"4"
140174,"3"
140177,"3"
140176,"4"
140179,"4"
110030,"4"
340001,"3"
110032,"4"
110035,"4"
110034,"5"
110036,"4"
330286,"4"
390150,"3"
181315,"5"
170017,"4"
440050,"4"
390198,"5"
170016,"4"
151301,"3"
315 - OTHER CIRCULATORY SYSTEM DIAGNOSES W CC,"{'50017': '10031.33', '330236': '10060.39', '220086': '10036.79', '50305': '10098.25', '230104': '10104.20', '120001': '10018.69'}"
030016,"5"
100191,"5"
030012,"3"
100313,"5"
030010,"3"
030011,"4"
220176,"4"
220177,"5"
220174,"3"
220175,"4"
220171,"4"
150146,"4"
510022,"4"
390318,"4"
552 - MEDICAL BACK PROBLEMS W/O MCC,"{'330306': '10114.94', '230046': '10112.21', '330194': '10030.73', '330350': '10493.82', '90003': '10155.56', '310014': '10424.18'}"
240117,"3"
240115,"3"
150149,"NotAvailable"
361330,"5"
141312,"3"
141313,"4"
141310,"4"
141311,"3"
141316,"4"
141317,"4"
340171,"4"
141315,"3"
510039,"4"
141318,"3"
292 - HEART FAILURE & SHOCK W CC,"{'230273': '10002.32', '530002': '10017.74', '390290': '10027.74', '50608': '10031.37', '500064': '10006.29', '50058': '10013.24'}"
390314,"NotAvailable"
150023,"4"
150097,"3"
40003F,"5"
150091,"3"
150090,"4"
05025F,"5"
390312,"NotAvailable"
240014,"3"
24002F,"NotAvailable"
450460,"3"
440091,"3"
26023F,"5"
670008,"NotAvailable"
450379,"3"
050099,"3"
42029F,"5"
050096,"NotAvailable"
050090,"2"
050091,"3"
050093,"4"
301303,"4"
301302,"5"
301301,"4"
301300,"4"
301307,"4"
301306,"4"
301305,"2"
301304,"4"
240022,"3"
050257,"3"
050254,"3"
301308,"3"
260096,"4"
410011,"5"
410012,"4"
410013,"3"
490119,"3"
34017F,"4"
400102,"5"
320063,"3"
320062,"2"
320061,"4"
320060,"2"
320067,"3"
490114,"4"
320065,"4"
490116,"5"
390211,"4"
440111,"NotAvailable"
520088,"3"
450697,"3"
400106,"5"
320085,"5"
320084,"5"
190054,"5"
190053,"5"
190050,"5"
360040,"3"
160029,"3"
440115,"4"
260190,"5"
260191,"3"
260193,"5"
451379,"4"
260195,"5"
451367,"4"
281339,"3"
281338,"2"
310019,"5"
330198,"5"
52002F,"3"
281331,"2"
281330,"NotAvailable"
281333,"5"
281332,"4"
897 - ALCOHOL/DRUG ABUSE OR DEPENDENCE W/O REHABILITATION THERAPY W/O MCC,"{'310119': '13376.47', '390228': '3172.45', '50276': '18630.93', '210029': '3216.48', '210009': '11209.35', '50047': '12673.75'}"
281334,"2"
450236,"4"
281336,"4"
330196,"5"
270074,"2"
530010,"3"
300005,"5"
500060,"4"
300003,"2"
330194,"2"
300001,"4"
450280,"3"
531307,"3"
330195,"4"
460017,"3"
310081,"5"
330193,"5"
050674,"NotAvailable"
260065,"4"
451316,"4"
050677,"NotAvailable"
440176,"4"
260061,"4"
260062,"4"
440175,"4"
520028,"3"
31001F,"5"
050678,"3"
451319,"3"
360170,"3"
050076,"NotAvailable"
050077,"2"
041300,"4"
050075,"5"
050072,"NotAvailable"
050073,"5"
050070,"NotAvailable"
050071,"5"
041308,"5"
041309,"4"
050078,"4"
050079,"3"
39001F,"3"
370083,"5"
530012,"4"
490020,"4"
230121,"4"
531305,"3"
280009,"4"
490022,"4"
351335,"3"
280003,"4"
230264,"NotAvailable"
190128,"NotAvailable"
290012,"5"
310006,"4"
190125,"4"
050710,"NotAvailable"
050717,"NotAvailable"
361303,"2"
050714,"NotAvailable"
040147,"NotAvailable"
140180,"4"
371328,"4"
361302,"4"
440008,"4"
440009,"5"
371322,"NotAvailable"
250040,"5"
371320,"2"
330126,"5"
371326,"4"
100032,"5"
371324,"2"
190 - CHRONIC OBSTRUCTIVE PULMONARY DISEASE W MCC,"{'50448': '10055.67', '70033': '10003.28', '210001': '10042.19', '390156': '10036.50', '50056': '10008.78', '360048': '10042.51'}"
380007,"3"
563 - FX,"{' SPRN': ' STRN & DISL EXCEPT FEMUR'}"
380005,"3"
380004,"2"
380002,"4"
491 - BACK & NECK PROC EXC SPINAL FUSION W/O CC/MCC,"{'60024': '10112.24', '220086': '10015.31', '500008': '10112.04', '340030': '10037.54', '330167': '10085.14', '210019': '10081.67'}"
450018,"4"
140184,"5"
361306,"3"
280130,"4"
280131,"NotAvailable"
280132,"3"
100035,"4"
021301,"NotAvailable"
021302,"NotAvailable"
021303,"2"
021304,"NotAvailable"
021305,"NotAvailable"
021306,"4"
021307,"NotAvailable"
021308,"2"
021309,"NotAvailable"
381311,"4"
050407,"3"
030014,"3"
180024,"4"
330096,"5"
381312,"4"
140189,"4"
043300,"NotAvailable"
310 - CARDIAC ARRHYTHMIA & CONDUCTION DISORDERS W/O CC/MCC,"{'150176': '2718.28', '260068': '2851.07', '510024': '2844.32', '510033': '2811.00', '190257': '2821.00', '10100': '2821.75'}"
150059,"4"
521351,"4"
171377,"4"
171376,"3"
171375,"4"
171374,"3"
171373,"4"
171372,"3"
171371,"2"
171370,"3"
390050,"4"
390052,"5"
171379,"4"
171378,"2"
190106,"3"
471305,"4"
074 - CRANIAL & PERIPHERAL NERVE DISORDERS W/O MCC,"{'210044': '10004.65', '310002': '10094.00', '50125': '10022.18', '220036': '10093.92', '100022': '10077.43', '50025': '10000.29'}"
471307,"3"
471306,"3"
340158,"4"
471300,"3"
471303,"4"
390146,"4"
020012,"4"
330279,"3"
020017,"4"
390145,"4"
330273,"4"
030092,"3"
370037,"4"
020018,"3"
330277,"4"
330276,"5"
111304,"2"
370032,"4"
310002,"4"
330079,"4"
330078,"4"
491307,"4"
360068,"3"
190008,"5"
360065,"3"
360064,"4"
330073,"4"
190009,"5"
370100,"4"
370103,"3"
370106,"3"
170150,"5"
440152,"5"
111335,"4"
111334,"5"
111336,"4"
111331,"5"
111330,"3"
111333,"5"
111332,"4"
110130,"5"
110132,"4"
281 - ACUTE MYOCARDIAL INFARCTION,"{' DISCHARGED ALIVE W CC': '670060'}"
110135,"4"
491305,"4"
490111,"3"
490130,"4"
450834,"NotAvailable"
450832,"4"
450833,"4"
450831,"NotAvailable"
521354,"4"
690 - KIDNEY & URINARY TRACT INFECTIONS W/O MCC,"{'310119': '10133.56', '50248': '10053.32', '330397': '10133.00', '330196': '10023.34', '120002': '10036.25', '50040': '10008.54'}"
521356,"NotAvailable"
521357,"2"
521350,"3"
391313,"5"
521352,"4"
521353,"5"
310001,"3"
521358,"3"
450243,"4"
491304,"4"
390222,"4"
010049,"5"
310041,"4"
460013,"3"
393302,"NotAvailable"
390223,"2"
482 - HIP & FEMUR PROCEDURES EXCEPT MAJOR JOINT W/O CC/MCC,"{'240001': '10016.79', '440015': '10022.28', '500039': '10017.90', '340099': '10019.55', '230105': '10015.91', '440183': '10006.38'}"
010040,"5"
010047,"4"
010046,"5"
010045,"4"
010044,"2"
